# SOIDL 2.5D model
mtllib comb_resonator.mtl
v -226.0000 -468.4717 400.0000
v 226.0000 -468.4717 400.0000
v 226.0000 468.4717 400.0000
v -226.0000 468.4717 400.0000
v -226.0000 -468.4717 0.0000
v 226.0000 -468.4717 0.0000
v 226.0000 468.4717 0.0000
v -226.0000 468.4717 0.0000
v -150.0000 -150.0000 427.0000
v -127.5000 -150.0000 427.0000
v -127.5000 -127.5000 427.0000
v -150.0000 -127.5000 427.0000
v -150.0000 -150.0000 402.0000
v -127.5000 -150.0000 402.0000
v -127.5000 -127.5000 402.0000
v -150.0000 -127.5000 402.0000
v -127.5000 -122.5000 427.0000
v -150.0000 -122.5000 427.0000
v -127.5000 -122.5000 402.0000
v -150.0000 -122.5000 402.0000
v -127.5000 -102.5000 427.0000
v -150.0000 -102.5000 427.0000
v -127.5000 -102.5000 402.0000
v -150.0000 -102.5000 402.0000
v -127.5000 -97.5000 427.0000
v -150.0000 -97.5000 427.0000
v -127.5000 -97.5000 402.0000
v -150.0000 -97.5000 402.0000
v -127.5000 -77.5000 427.0000
v -150.0000 -77.5000 427.0000
v -127.5000 -77.5000 402.0000
v -150.0000 -77.5000 402.0000
v -127.5000 -72.5000 427.0000
v -150.0000 -72.5000 427.0000
v -127.5000 -72.5000 402.0000
v -150.0000 -72.5000 402.0000
v -127.5000 -52.5000 427.0000
v -150.0000 -52.5000 427.0000
v -127.5000 -52.5000 402.0000
v -150.0000 -52.5000 402.0000
v -127.5000 -47.5000 427.0000
v -150.0000 -47.5000 427.0000
v -127.5000 -47.5000 402.0000
v -150.0000 -47.5000 402.0000
v -127.5000 -27.5000 427.0000
v -150.0000 -27.5000 427.0000
v -127.5000 -27.5000 402.0000
v -150.0000 -27.5000 402.0000
v -127.5000 -22.5000 427.0000
v -150.0000 -22.5000 427.0000
v -127.5000 -22.5000 402.0000
v -150.0000 -22.5000 402.0000
v -127.5000 -2.5000 427.0000
v -150.0000 -2.5000 427.0000
v -127.5000 -2.5000 402.0000
v -150.0000 -2.5000 402.0000
v -127.5000 2.5000 427.0000
v -150.0000 2.5000 427.0000
v -127.5000 2.5000 402.0000
v -150.0000 2.5000 402.0000
v -127.5000 22.5000 427.0000
v -150.0000 22.5000 427.0000
v -127.5000 22.5000 402.0000
v -150.0000 22.5000 402.0000
v -127.5000 27.5000 427.0000
v -150.0000 27.5000 427.0000
v -127.5000 27.5000 402.0000
v -150.0000 27.5000 402.0000
v -127.5000 47.5000 427.0000
v -150.0000 47.5000 427.0000
v -127.5000 47.5000 402.0000
v -150.0000 47.5000 402.0000
v -127.5000 52.5000 427.0000
v -150.0000 52.5000 427.0000
v -127.5000 52.5000 402.0000
v -150.0000 52.5000 402.0000
v -127.5000 72.5000 427.0000
v -150.0000 72.5000 427.0000
v -127.5000 72.5000 402.0000
v -150.0000 72.5000 402.0000
v -127.5000 77.5000 427.0000
v -150.0000 77.5000 427.0000
v -127.5000 77.5000 402.0000
v -150.0000 77.5000 402.0000
v -127.5000 97.5000 427.0000
v -150.0000 97.5000 427.0000
v -127.5000 97.5000 402.0000
v -150.0000 97.5000 402.0000
v -127.5000 102.5000 427.0000
v -150.0000 102.5000 427.0000
v -127.5000 102.5000 402.0000
v -150.0000 102.5000 402.0000
v -127.5000 122.5000 427.0000
v -150.0000 122.5000 427.0000
v -127.5000 122.5000 402.0000
v -150.0000 122.5000 402.0000
v -127.5000 127.5000 427.0000
v -150.0000 127.5000 427.0000
v -127.5000 127.5000 402.0000
v -150.0000 127.5000 402.0000
v -127.5000 150.0000 427.0000
v -150.0000 150.0000 427.0000
v -127.5000 150.0000 402.0000
v -150.0000 150.0000 402.0000
v -122.5000 -150.0000 427.0000
v -122.5000 -127.5000 427.0000
v -122.5000 -150.0000 402.0000
v -122.5000 -127.5000 402.0000
v -122.5000 -122.5000 427.0000
v -122.5000 -102.5000 427.0000
v -122.5000 -122.5000 402.0000
v -122.5000 -102.5000 402.0000
v -122.5000 -97.5000 427.0000
v -122.5000 -77.5000 427.0000
v -122.5000 -97.5000 402.0000
v -122.5000 -77.5000 402.0000
v -122.5000 -72.5000 427.0000
v -122.5000 -52.5000 427.0000
v -122.5000 -72.5000 402.0000
v -122.5000 -52.5000 402.0000
v -122.5000 -47.5000 427.0000
v -122.5000 -27.5000 427.0000
v -122.5000 -47.5000 402.0000
v -122.5000 -27.5000 402.0000
v -122.5000 -22.5000 427.0000
v -122.5000 -2.5000 427.0000
v -122.5000 -22.5000 402.0000
v -122.5000 -2.5000 402.0000
v -122.5000 2.5000 427.0000
v -122.5000 22.5000 427.0000
v -122.5000 2.5000 402.0000
v -122.5000 22.5000 402.0000
v -122.5000 27.5000 427.0000
v -122.5000 47.5000 427.0000
v -122.5000 27.5000 402.0000
v -122.5000 47.5000 402.0000
v -122.5000 52.5000 427.0000
v -122.5000 72.5000 427.0000
v -122.5000 52.5000 402.0000
v -122.5000 72.5000 402.0000
v -122.5000 77.5000 427.0000
v -122.5000 97.5000 427.0000
v -122.5000 77.5000 402.0000
v -122.5000 97.5000 402.0000
v -122.5000 102.5000 427.0000
v -122.5000 122.5000 427.0000
v -122.5000 102.5000 402.0000
v -122.5000 122.5000 402.0000
v -122.5000 127.5000 427.0000
v -122.5000 150.0000 427.0000
v -122.5000 127.5000 402.0000
v -122.5000 150.0000 402.0000
v -102.5000 -150.0000 427.0000
v -102.5000 -127.5000 427.0000
v -102.5000 -150.0000 402.0000
v -102.5000 -127.5000 402.0000
v -102.5000 -122.5000 427.0000
v -102.5000 -122.5000 402.0000
v -102.5000 -102.5000 427.0000
v -102.5000 -102.5000 402.0000
v -102.5000 -97.5000 427.0000
v -102.5000 -97.5000 402.0000
v -102.5000 -77.5000 427.0000
v -102.5000 -77.5000 402.0000
v -102.5000 -72.5000 427.0000
v -102.5000 -72.5000 402.0000
v -102.5000 -52.5000 427.0000
v -102.5000 -52.5000 402.0000
v -102.5000 -47.5000 427.0000
v -102.5000 -47.5000 402.0000
v -102.5000 -27.5000 427.0000
v -102.5000 -27.5000 402.0000
v -102.5000 -22.5000 427.0000
v -102.5000 -22.5000 402.0000
v -102.5000 -2.5000 427.0000
v -102.5000 -2.5000 402.0000
v -102.5000 2.5000 427.0000
v -102.5000 2.5000 402.0000
v -102.5000 22.5000 427.0000
v -102.5000 22.5000 402.0000
v -102.5000 27.5000 427.0000
v -102.5000 27.5000 402.0000
v -102.5000 47.5000 427.0000
v -102.5000 47.5000 402.0000
v -102.5000 52.5000 427.0000
v -102.5000 52.5000 402.0000
v -102.5000 72.5000 427.0000
v -102.5000 72.5000 402.0000
v -102.5000 77.5000 427.0000
v -102.5000 77.5000 402.0000
v -102.5000 97.5000 427.0000
v -102.5000 97.5000 402.0000
v -102.5000 102.5000 427.0000
v -102.5000 102.5000 402.0000
v -102.5000 122.5000 427.0000
v -102.5000 122.5000 402.0000
v -102.5000 127.5000 427.0000
v -102.5000 127.5000 402.0000
v -102.5000 150.0000 427.0000
v -102.5000 150.0000 402.0000
v -97.5000 -150.0000 427.0000
v -97.5000 -127.5000 427.0000
v -97.5000 -150.0000 402.0000
v -97.5000 -127.5000 402.0000
v -97.5000 -122.5000 427.0000
v -97.5000 -102.5000 427.0000
v -97.5000 -122.5000 402.0000
v -97.5000 -102.5000 402.0000
v -97.5000 -97.5000 427.0000
v -97.5000 -77.5000 427.0000
v -97.5000 -97.5000 402.0000
v -97.5000 -77.5000 402.0000
v -97.5000 -72.5000 427.0000
v -97.5000 -52.5000 427.0000
v -97.5000 -72.5000 402.0000
v -97.5000 -52.5000 402.0000
v -97.5000 -47.5000 427.0000
v -97.5000 -27.5000 427.0000
v -97.5000 -47.5000 402.0000
v -97.5000 -27.5000 402.0000
v -97.5000 -22.5000 427.0000
v -97.5000 -2.5000 427.0000
v -97.5000 -22.5000 402.0000
v -97.5000 -2.5000 402.0000
v -97.5000 2.5000 427.0000
v -97.5000 22.5000 427.0000
v -97.5000 2.5000 402.0000
v -97.5000 22.5000 402.0000
v -97.5000 27.5000 427.0000
v -97.5000 47.5000 427.0000
v -97.5000 27.5000 402.0000
v -97.5000 47.5000 402.0000
v -97.5000 52.5000 427.0000
v -97.5000 72.5000 427.0000
v -97.5000 52.5000 402.0000
v -97.5000 72.5000 402.0000
v -97.5000 77.5000 427.0000
v -97.5000 97.5000 427.0000
v -97.5000 77.5000 402.0000
v -97.5000 97.5000 402.0000
v -97.5000 102.5000 427.0000
v -97.5000 122.5000 427.0000
v -97.5000 102.5000 402.0000
v -97.5000 122.5000 402.0000
v -97.5000 127.5000 427.0000
v -97.5000 150.0000 427.0000
v -97.5000 127.5000 402.0000
v -97.5000 150.0000 402.0000
v -77.5000 -150.0000 427.0000
v -77.5000 -127.5000 427.0000
v -77.5000 -150.0000 402.0000
v -77.5000 -127.5000 402.0000
v -77.5000 -122.5000 427.0000
v -77.5000 -122.5000 402.0000
v -77.5000 -102.5000 427.0000
v -77.5000 -102.5000 402.0000
v -77.5000 -97.5000 427.0000
v -77.5000 -97.5000 402.0000
v -77.5000 -77.5000 427.0000
v -77.5000 -77.5000 402.0000
v -77.5000 -72.5000 427.0000
v -77.5000 -72.5000 402.0000
v -77.5000 -52.5000 427.0000
v -77.5000 -52.5000 402.0000
v -77.5000 -47.5000 427.0000
v -77.5000 -47.5000 402.0000
v -77.5000 -27.5000 427.0000
v -77.5000 -27.5000 402.0000
v -77.5000 -22.5000 427.0000
v -77.5000 -22.5000 402.0000
v -77.5000 -2.5000 427.0000
v -77.5000 -2.5000 402.0000
v -77.5000 2.5000 427.0000
v -77.5000 2.5000 402.0000
v -77.5000 22.5000 427.0000
v -77.5000 22.5000 402.0000
v -77.5000 27.5000 427.0000
v -77.5000 27.5000 402.0000
v -77.5000 47.5000 427.0000
v -77.5000 47.5000 402.0000
v -77.5000 52.5000 427.0000
v -77.5000 52.5000 402.0000
v -77.5000 72.5000 427.0000
v -77.5000 72.5000 402.0000
v -77.5000 77.5000 427.0000
v -77.5000 77.5000 402.0000
v -77.5000 97.5000 427.0000
v -77.5000 97.5000 402.0000
v -77.5000 102.5000 427.0000
v -77.5000 102.5000 402.0000
v -77.5000 122.5000 427.0000
v -77.5000 122.5000 402.0000
v -77.5000 127.5000 427.0000
v -77.5000 127.5000 402.0000
v -77.5000 150.0000 427.0000
v -77.5000 150.0000 402.0000
v -72.5000 -150.0000 427.0000
v -72.5000 -127.5000 427.0000
v -72.5000 -150.0000 402.0000
v -72.5000 -127.5000 402.0000
v -72.5000 -122.5000 427.0000
v -72.5000 -102.5000 427.0000
v -72.5000 -122.5000 402.0000
v -72.5000 -102.5000 402.0000
v -72.5000 -97.5000 427.0000
v -72.5000 -77.5000 427.0000
v -72.5000 -97.5000 402.0000
v -72.5000 -77.5000 402.0000
v -72.5000 -72.5000 427.0000
v -72.5000 -52.5000 427.0000
v -72.5000 -72.5000 402.0000
v -72.5000 -52.5000 402.0000
v -72.5000 -47.5000 427.0000
v -72.5000 -27.5000 427.0000
v -72.5000 -47.5000 402.0000
v -72.5000 -27.5000 402.0000
v -72.5000 -22.5000 427.0000
v -72.5000 -2.5000 427.0000
v -72.5000 -22.5000 402.0000
v -72.5000 -2.5000 402.0000
v -72.5000 2.5000 427.0000
v -72.5000 22.5000 427.0000
v -72.5000 2.5000 402.0000
v -72.5000 22.5000 402.0000
v -72.5000 27.5000 427.0000
v -72.5000 47.5000 427.0000
v -72.5000 27.5000 402.0000
v -72.5000 47.5000 402.0000
v -72.5000 52.5000 427.0000
v -72.5000 72.5000 427.0000
v -72.5000 52.5000 402.0000
v -72.5000 72.5000 402.0000
v -72.5000 77.5000 427.0000
v -72.5000 97.5000 427.0000
v -72.5000 77.5000 402.0000
v -72.5000 97.5000 402.0000
v -72.5000 102.5000 427.0000
v -72.5000 122.5000 427.0000
v -72.5000 102.5000 402.0000
v -72.5000 122.5000 402.0000
v -72.5000 127.5000 427.0000
v -72.5000 150.0000 427.0000
v -72.5000 127.5000 402.0000
v -72.5000 150.0000 402.0000
v -52.5000 -150.0000 427.0000
v -52.5000 -127.5000 427.0000
v -52.5000 -150.0000 402.0000
v -52.5000 -127.5000 402.0000
v -52.5000 -122.5000 427.0000
v -52.5000 -122.5000 402.0000
v -52.5000 -102.5000 427.0000
v -52.5000 -102.5000 402.0000
v -52.5000 -97.5000 427.0000
v -52.5000 -97.5000 402.0000
v -52.5000 -77.5000 427.0000
v -52.5000 -77.5000 402.0000
v -52.5000 -72.5000 427.0000
v -52.5000 -72.5000 402.0000
v -52.5000 -52.5000 427.0000
v -52.5000 -52.5000 402.0000
v -52.5000 -47.5000 427.0000
v -52.5000 -47.5000 402.0000
v -52.5000 -27.5000 427.0000
v -52.5000 -27.5000 402.0000
v -52.5000 -22.5000 427.0000
v -52.5000 -22.5000 402.0000
v -52.5000 -2.5000 427.0000
v -52.5000 -2.5000 402.0000
v -52.5000 2.5000 427.0000
v -52.5000 2.5000 402.0000
v -52.5000 22.5000 427.0000
v -52.5000 22.5000 402.0000
v -52.5000 27.5000 427.0000
v -52.5000 27.5000 402.0000
v -52.5000 47.5000 427.0000
v -52.5000 47.5000 402.0000
v -52.5000 52.5000 427.0000
v -52.5000 52.5000 402.0000
v -52.5000 72.5000 427.0000
v -52.5000 72.5000 402.0000
v -52.5000 77.5000 427.0000
v -52.5000 77.5000 402.0000
v -52.5000 97.5000 427.0000
v -52.5000 97.5000 402.0000
v -52.5000 102.5000 427.0000
v -52.5000 102.5000 402.0000
v -52.5000 122.5000 427.0000
v -52.5000 122.5000 402.0000
v -52.5000 127.5000 427.0000
v -52.5000 127.5000 402.0000
v -52.5000 150.0000 427.0000
v -52.5000 150.0000 402.0000
v -47.5000 -150.0000 427.0000
v -47.5000 -127.5000 427.0000
v -47.5000 -150.0000 402.0000
v -47.5000 -127.5000 402.0000
v -47.5000 -122.5000 427.0000
v -47.5000 -102.5000 427.0000
v -47.5000 -122.5000 402.0000
v -47.5000 -102.5000 402.0000
v -47.5000 -97.5000 427.0000
v -47.5000 -77.5000 427.0000
v -47.5000 -97.5000 402.0000
v -47.5000 -77.5000 402.0000
v -47.5000 -72.5000 427.0000
v -47.5000 -52.5000 427.0000
v -47.5000 -72.5000 402.0000
v -47.5000 -52.5000 402.0000
v -47.5000 -47.5000 427.0000
v -47.5000 -27.5000 427.0000
v -47.5000 -47.5000 402.0000
v -47.5000 -27.5000 402.0000
v -47.5000 -22.5000 427.0000
v -47.5000 -2.5000 427.0000
v -47.5000 -22.5000 402.0000
v -47.5000 -2.5000 402.0000
v -47.5000 2.5000 427.0000
v -47.5000 22.5000 427.0000
v -47.5000 2.5000 402.0000
v -47.5000 22.5000 402.0000
v -47.5000 27.5000 427.0000
v -47.5000 47.5000 427.0000
v -47.5000 27.5000 402.0000
v -47.5000 47.5000 402.0000
v -47.5000 52.5000 427.0000
v -47.5000 72.5000 427.0000
v -47.5000 52.5000 402.0000
v -47.5000 72.5000 402.0000
v -47.5000 77.5000 427.0000
v -47.5000 97.5000 427.0000
v -47.5000 77.5000 402.0000
v -47.5000 97.5000 402.0000
v -47.5000 102.5000 427.0000
v -47.5000 122.5000 427.0000
v -47.5000 102.5000 402.0000
v -47.5000 122.5000 402.0000
v -47.5000 127.5000 427.0000
v -47.5000 150.0000 427.0000
v -47.5000 127.5000 402.0000
v -47.5000 150.0000 402.0000
v -27.5000 -150.0000 427.0000
v -27.5000 -127.5000 427.0000
v -27.5000 -150.0000 402.0000
v -27.5000 -127.5000 402.0000
v -27.5000 -122.5000 427.0000
v -27.5000 -122.5000 402.0000
v -27.5000 -102.5000 427.0000
v -27.5000 -102.5000 402.0000
v -27.5000 -97.5000 427.0000
v -27.5000 -97.5000 402.0000
v -27.5000 -77.5000 427.0000
v -27.5000 -77.5000 402.0000
v -27.5000 -72.5000 427.0000
v -27.5000 -72.5000 402.0000
v -27.5000 -52.5000 427.0000
v -27.5000 -52.5000 402.0000
v -27.5000 -47.5000 427.0000
v -27.5000 -47.5000 402.0000
v -27.5000 -27.5000 427.0000
v -27.5000 -27.5000 402.0000
v -27.5000 -22.5000 427.0000
v -27.5000 -22.5000 402.0000
v -27.5000 -2.5000 427.0000
v -27.5000 -2.5000 402.0000
v -27.5000 2.5000 427.0000
v -27.5000 2.5000 402.0000
v -27.5000 22.5000 427.0000
v -27.5000 22.5000 402.0000
v -27.5000 27.5000 427.0000
v -27.5000 27.5000 402.0000
v -27.5000 47.5000 427.0000
v -27.5000 47.5000 402.0000
v -27.5000 52.5000 427.0000
v -27.5000 52.5000 402.0000
v -27.5000 72.5000 427.0000
v -27.5000 72.5000 402.0000
v -27.5000 77.5000 427.0000
v -27.5000 77.5000 402.0000
v -27.5000 97.5000 427.0000
v -27.5000 97.5000 402.0000
v -27.5000 102.5000 427.0000
v -27.5000 102.5000 402.0000
v -27.5000 122.5000 427.0000
v -27.5000 122.5000 402.0000
v -27.5000 127.5000 427.0000
v -27.5000 127.5000 402.0000
v -27.5000 150.0000 427.0000
v -27.5000 150.0000 402.0000
v -22.5000 -150.0000 427.0000
v -22.5000 -127.5000 427.0000
v -22.5000 -150.0000 402.0000
v -22.5000 -127.5000 402.0000
v -22.5000 -122.5000 427.0000
v -22.5000 -102.5000 427.0000
v -22.5000 -122.5000 402.0000
v -22.5000 -102.5000 402.0000
v -22.5000 -97.5000 427.0000
v -22.5000 -77.5000 427.0000
v -22.5000 -97.5000 402.0000
v -22.5000 -77.5000 402.0000
v -22.5000 -72.5000 427.0000
v -22.5000 -52.5000 427.0000
v -22.5000 -72.5000 402.0000
v -22.5000 -52.5000 402.0000
v -22.5000 -47.5000 427.0000
v -22.5000 -27.5000 427.0000
v -22.5000 -47.5000 402.0000
v -22.5000 -27.5000 402.0000
v -22.5000 -22.5000 427.0000
v -22.5000 -2.5000 427.0000
v -22.5000 -22.5000 402.0000
v -22.5000 -2.5000 402.0000
v -22.5000 2.5000 427.0000
v -22.5000 22.5000 427.0000
v -22.5000 2.5000 402.0000
v -22.5000 22.5000 402.0000
v -22.5000 27.5000 427.0000
v -22.5000 47.5000 427.0000
v -22.5000 27.5000 402.0000
v -22.5000 47.5000 402.0000
v -22.5000 52.5000 427.0000
v -22.5000 72.5000 427.0000
v -22.5000 52.5000 402.0000
v -22.5000 72.5000 402.0000
v -22.5000 77.5000 427.0000
v -22.5000 97.5000 427.0000
v -22.5000 77.5000 402.0000
v -22.5000 97.5000 402.0000
v -22.5000 102.5000 427.0000
v -22.5000 122.5000 427.0000
v -22.5000 102.5000 402.0000
v -22.5000 122.5000 402.0000
v -22.5000 127.5000 427.0000
v -22.5000 150.0000 427.0000
v -22.5000 127.5000 402.0000
v -22.5000 150.0000 402.0000
v -2.5000 -150.0000 427.0000
v -2.5000 -127.5000 427.0000
v -2.5000 -150.0000 402.0000
v -2.5000 -127.5000 402.0000
v -2.5000 -122.5000 427.0000
v -2.5000 -122.5000 402.0000
v -2.5000 -102.5000 427.0000
v -2.5000 -102.5000 402.0000
v -2.5000 -97.5000 427.0000
v -2.5000 -97.5000 402.0000
v -2.5000 -77.5000 427.0000
v -2.5000 -77.5000 402.0000
v -2.5000 -72.5000 427.0000
v -2.5000 -72.5000 402.0000
v -2.5000 -52.5000 427.0000
v -2.5000 -52.5000 402.0000
v -2.5000 -47.5000 427.0000
v -2.5000 -47.5000 402.0000
v -2.5000 -27.5000 427.0000
v -2.5000 -27.5000 402.0000
v -2.5000 -22.5000 427.0000
v -2.5000 -22.5000 402.0000
v -2.5000 -2.5000 427.0000
v -2.5000 -2.5000 402.0000
v -2.5000 2.5000 427.0000
v -2.5000 2.5000 402.0000
v -2.5000 22.5000 427.0000
v -2.5000 22.5000 402.0000
v -2.5000 27.5000 427.0000
v -2.5000 27.5000 402.0000
v -2.5000 47.5000 427.0000
v -2.5000 47.5000 402.0000
v -2.5000 52.5000 427.0000
v -2.5000 52.5000 402.0000
v -2.5000 72.5000 427.0000
v -2.5000 72.5000 402.0000
v -2.5000 77.5000 427.0000
v -2.5000 77.5000 402.0000
v -2.5000 97.5000 427.0000
v -2.5000 97.5000 402.0000
v -2.5000 102.5000 427.0000
v -2.5000 102.5000 402.0000
v -2.5000 122.5000 427.0000
v -2.5000 122.5000 402.0000
v -2.5000 127.5000 427.0000
v -2.5000 127.5000 402.0000
v -2.5000 150.0000 427.0000
v -2.5000 150.0000 402.0000
v 2.5000 -150.0000 427.0000
v 2.5000 -127.5000 427.0000
v 2.5000 -150.0000 402.0000
v 2.5000 -127.5000 402.0000
v 2.5000 -122.5000 427.0000
v 2.5000 -102.5000 427.0000
v 2.5000 -122.5000 402.0000
v 2.5000 -102.5000 402.0000
v 2.5000 -97.5000 427.0000
v 2.5000 -77.5000 427.0000
v 2.5000 -97.5000 402.0000
v 2.5000 -77.5000 402.0000
v 2.5000 -72.5000 427.0000
v 2.5000 -52.5000 427.0000
v 2.5000 -72.5000 402.0000
v 2.5000 -52.5000 402.0000
v 2.5000 -47.5000 427.0000
v 2.5000 -27.5000 427.0000
v 2.5000 -47.5000 402.0000
v 2.5000 -27.5000 402.0000
v 2.5000 -22.5000 427.0000
v 2.5000 -2.5000 427.0000
v 2.5000 -22.5000 402.0000
v 2.5000 -2.5000 402.0000
v 2.5000 2.5000 427.0000
v 2.5000 22.5000 427.0000
v 2.5000 2.5000 402.0000
v 2.5000 22.5000 402.0000
v 2.5000 27.5000 427.0000
v 2.5000 47.5000 427.0000
v 2.5000 27.5000 402.0000
v 2.5000 47.5000 402.0000
v 2.5000 52.5000 427.0000
v 2.5000 72.5000 427.0000
v 2.5000 52.5000 402.0000
v 2.5000 72.5000 402.0000
v 2.5000 77.5000 427.0000
v 2.5000 97.5000 427.0000
v 2.5000 77.5000 402.0000
v 2.5000 97.5000 402.0000
v 2.5000 102.5000 427.0000
v 2.5000 122.5000 427.0000
v 2.5000 102.5000 402.0000
v 2.5000 122.5000 402.0000
v 2.5000 127.5000 427.0000
v 2.5000 150.0000 427.0000
v 2.5000 127.5000 402.0000
v 2.5000 150.0000 402.0000
v 22.5000 -150.0000 427.0000
v 22.5000 -127.5000 427.0000
v 22.5000 -150.0000 402.0000
v 22.5000 -127.5000 402.0000
v 22.5000 -122.5000 427.0000
v 22.5000 -122.5000 402.0000
v 22.5000 -102.5000 427.0000
v 22.5000 -102.5000 402.0000
v 22.5000 -97.5000 427.0000
v 22.5000 -97.5000 402.0000
v 22.5000 -77.5000 427.0000
v 22.5000 -77.5000 402.0000
v 22.5000 -72.5000 427.0000
v 22.5000 -72.5000 402.0000
v 22.5000 -52.5000 427.0000
v 22.5000 -52.5000 402.0000
v 22.5000 -47.5000 427.0000
v 22.5000 -47.5000 402.0000
v 22.5000 -27.5000 427.0000
v 22.5000 -27.5000 402.0000
v 22.5000 -22.5000 427.0000
v 22.5000 -22.5000 402.0000
v 22.5000 -2.5000 427.0000
v 22.5000 -2.5000 402.0000
v 22.5000 2.5000 427.0000
v 22.5000 2.5000 402.0000
v 22.5000 22.5000 427.0000
v 22.5000 22.5000 402.0000
v 22.5000 27.5000 427.0000
v 22.5000 27.5000 402.0000
v 22.5000 47.5000 427.0000
v 22.5000 47.5000 402.0000
v 22.5000 52.5000 427.0000
v 22.5000 52.5000 402.0000
v 22.5000 72.5000 427.0000
v 22.5000 72.5000 402.0000
v 22.5000 77.5000 427.0000
v 22.5000 77.5000 402.0000
v 22.5000 97.5000 427.0000
v 22.5000 97.5000 402.0000
v 22.5000 102.5000 427.0000
v 22.5000 102.5000 402.0000
v 22.5000 122.5000 427.0000
v 22.5000 122.5000 402.0000
v 22.5000 127.5000 427.0000
v 22.5000 127.5000 402.0000
v 22.5000 150.0000 427.0000
v 22.5000 150.0000 402.0000
v 27.5000 -150.0000 427.0000
v 27.5000 -127.5000 427.0000
v 27.5000 -150.0000 402.0000
v 27.5000 -127.5000 402.0000
v 27.5000 -122.5000 427.0000
v 27.5000 -102.5000 427.0000
v 27.5000 -122.5000 402.0000
v 27.5000 -102.5000 402.0000
v 27.5000 -97.5000 427.0000
v 27.5000 -77.5000 427.0000
v 27.5000 -97.5000 402.0000
v 27.5000 -77.5000 402.0000
v 27.5000 -72.5000 427.0000
v 27.5000 -52.5000 427.0000
v 27.5000 -72.5000 402.0000
v 27.5000 -52.5000 402.0000
v 27.5000 -47.5000 427.0000
v 27.5000 -27.5000 427.0000
v 27.5000 -47.5000 402.0000
v 27.5000 -27.5000 402.0000
v 27.5000 -22.5000 427.0000
v 27.5000 -2.5000 427.0000
v 27.5000 -22.5000 402.0000
v 27.5000 -2.5000 402.0000
v 27.5000 2.5000 427.0000
v 27.5000 22.5000 427.0000
v 27.5000 2.5000 402.0000
v 27.5000 22.5000 402.0000
v 27.5000 27.5000 427.0000
v 27.5000 47.5000 427.0000
v 27.5000 27.5000 402.0000
v 27.5000 47.5000 402.0000
v 27.5000 52.5000 427.0000
v 27.5000 72.5000 427.0000
v 27.5000 52.5000 402.0000
v 27.5000 72.5000 402.0000
v 27.5000 77.5000 427.0000
v 27.5000 97.5000 427.0000
v 27.5000 77.5000 402.0000
v 27.5000 97.5000 402.0000
v 27.5000 102.5000 427.0000
v 27.5000 122.5000 427.0000
v 27.5000 102.5000 402.0000
v 27.5000 122.5000 402.0000
v 27.5000 127.5000 427.0000
v 27.5000 150.0000 427.0000
v 27.5000 127.5000 402.0000
v 27.5000 150.0000 402.0000
v 47.5000 -150.0000 427.0000
v 47.5000 -127.5000 427.0000
v 47.5000 -150.0000 402.0000
v 47.5000 -127.5000 402.0000
v 47.5000 -122.5000 427.0000
v 47.5000 -122.5000 402.0000
v 47.5000 -102.5000 427.0000
v 47.5000 -102.5000 402.0000
v 47.5000 -97.5000 427.0000
v 47.5000 -97.5000 402.0000
v 47.5000 -77.5000 427.0000
v 47.5000 -77.5000 402.0000
v 47.5000 -72.5000 427.0000
v 47.5000 -72.5000 402.0000
v 47.5000 -52.5000 427.0000
v 47.5000 -52.5000 402.0000
v 47.5000 -47.5000 427.0000
v 47.5000 -47.5000 402.0000
v 47.5000 -27.5000 427.0000
v 47.5000 -27.5000 402.0000
v 47.5000 -22.5000 427.0000
v 47.5000 -22.5000 402.0000
v 47.5000 -2.5000 427.0000
v 47.5000 -2.5000 402.0000
v 47.5000 2.5000 427.0000
v 47.5000 2.5000 402.0000
v 47.5000 22.5000 427.0000
v 47.5000 22.5000 402.0000
v 47.5000 27.5000 427.0000
v 47.5000 27.5000 402.0000
v 47.5000 47.5000 427.0000
v 47.5000 47.5000 402.0000
v 47.5000 52.5000 427.0000
v 47.5000 52.5000 402.0000
v 47.5000 72.5000 427.0000
v 47.5000 72.5000 402.0000
v 47.5000 77.5000 427.0000
v 47.5000 77.5000 402.0000
v 47.5000 97.5000 427.0000
v 47.5000 97.5000 402.0000
v 47.5000 102.5000 427.0000
v 47.5000 102.5000 402.0000
v 47.5000 122.5000 427.0000
v 47.5000 122.5000 402.0000
v 47.5000 127.5000 427.0000
v 47.5000 127.5000 402.0000
v 47.5000 150.0000 427.0000
v 47.5000 150.0000 402.0000
v 52.5000 -150.0000 427.0000
v 52.5000 -127.5000 427.0000
v 52.5000 -150.0000 402.0000
v 52.5000 -127.5000 402.0000
v 52.5000 -122.5000 427.0000
v 52.5000 -102.5000 427.0000
v 52.5000 -122.5000 402.0000
v 52.5000 -102.5000 402.0000
v 52.5000 -97.5000 427.0000
v 52.5000 -77.5000 427.0000
v 52.5000 -97.5000 402.0000
v 52.5000 -77.5000 402.0000
v 52.5000 -72.5000 427.0000
v 52.5000 -52.5000 427.0000
v 52.5000 -72.5000 402.0000
v 52.5000 -52.5000 402.0000
v 52.5000 -47.5000 427.0000
v 52.5000 -27.5000 427.0000
v 52.5000 -47.5000 402.0000
v 52.5000 -27.5000 402.0000
v 52.5000 -22.5000 427.0000
v 52.5000 -2.5000 427.0000
v 52.5000 -22.5000 402.0000
v 52.5000 -2.5000 402.0000
v 52.5000 2.5000 427.0000
v 52.5000 22.5000 427.0000
v 52.5000 2.5000 402.0000
v 52.5000 22.5000 402.0000
v 52.5000 27.5000 427.0000
v 52.5000 47.5000 427.0000
v 52.5000 27.5000 402.0000
v 52.5000 47.5000 402.0000
v 52.5000 52.5000 427.0000
v 52.5000 72.5000 427.0000
v 52.5000 52.5000 402.0000
v 52.5000 72.5000 402.0000
v 52.5000 77.5000 427.0000
v 52.5000 97.5000 427.0000
v 52.5000 77.5000 402.0000
v 52.5000 97.5000 402.0000
v 52.5000 102.5000 427.0000
v 52.5000 122.5000 427.0000
v 52.5000 102.5000 402.0000
v 52.5000 122.5000 402.0000
v 52.5000 127.5000 427.0000
v 52.5000 150.0000 427.0000
v 52.5000 127.5000 402.0000
v 52.5000 150.0000 402.0000
v 72.5000 -150.0000 427.0000
v 72.5000 -127.5000 427.0000
v 72.5000 -150.0000 402.0000
v 72.5000 -127.5000 402.0000
v 72.5000 -122.5000 427.0000
v 72.5000 -122.5000 402.0000
v 72.5000 -102.5000 427.0000
v 72.5000 -102.5000 402.0000
v 72.5000 -97.5000 427.0000
v 72.5000 -97.5000 402.0000
v 72.5000 -77.5000 427.0000
v 72.5000 -77.5000 402.0000
v 72.5000 -72.5000 427.0000
v 72.5000 -72.5000 402.0000
v 72.5000 -52.5000 427.0000
v 72.5000 -52.5000 402.0000
v 72.5000 -47.5000 427.0000
v 72.5000 -47.5000 402.0000
v 72.5000 -27.5000 427.0000
v 72.5000 -27.5000 402.0000
v 72.5000 -22.5000 427.0000
v 72.5000 -22.5000 402.0000
v 72.5000 -2.5000 427.0000
v 72.5000 -2.5000 402.0000
v 72.5000 2.5000 427.0000
v 72.5000 2.5000 402.0000
v 72.5000 22.5000 427.0000
v 72.5000 22.5000 402.0000
v 72.5000 27.5000 427.0000
v 72.5000 27.5000 402.0000
v 72.5000 47.5000 427.0000
v 72.5000 47.5000 402.0000
v 72.5000 52.5000 427.0000
v 72.5000 52.5000 402.0000
v 72.5000 72.5000 427.0000
v 72.5000 72.5000 402.0000
v 72.5000 77.5000 427.0000
v 72.5000 77.5000 402.0000
v 72.5000 97.5000 427.0000
v 72.5000 97.5000 402.0000
v 72.5000 102.5000 427.0000
v 72.5000 102.5000 402.0000
v 72.5000 122.5000 427.0000
v 72.5000 122.5000 402.0000
v 72.5000 127.5000 427.0000
v 72.5000 127.5000 402.0000
v 72.5000 150.0000 427.0000
v 72.5000 150.0000 402.0000
v 77.5000 -150.0000 427.0000
v 77.5000 -127.5000 427.0000
v 77.5000 -150.0000 402.0000
v 77.5000 -127.5000 402.0000
v 77.5000 -122.5000 427.0000
v 77.5000 -102.5000 427.0000
v 77.5000 -122.5000 402.0000
v 77.5000 -102.5000 402.0000
v 77.5000 -97.5000 427.0000
v 77.5000 -77.5000 427.0000
v 77.5000 -97.5000 402.0000
v 77.5000 -77.5000 402.0000
v 77.5000 -72.5000 427.0000
v 77.5000 -52.5000 427.0000
v 77.5000 -72.5000 402.0000
v 77.5000 -52.5000 402.0000
v 77.5000 -47.5000 427.0000
v 77.5000 -27.5000 427.0000
v 77.5000 -47.5000 402.0000
v 77.5000 -27.5000 402.0000
v 77.5000 -22.5000 427.0000
v 77.5000 -2.5000 427.0000
v 77.5000 -22.5000 402.0000
v 77.5000 -2.5000 402.0000
v 77.5000 2.5000 427.0000
v 77.5000 22.5000 427.0000
v 77.5000 2.5000 402.0000
v 77.5000 22.5000 402.0000
v 77.5000 27.5000 427.0000
v 77.5000 47.5000 427.0000
v 77.5000 27.5000 402.0000
v 77.5000 47.5000 402.0000
v 77.5000 52.5000 427.0000
v 77.5000 72.5000 427.0000
v 77.5000 52.5000 402.0000
v 77.5000 72.5000 402.0000
v 77.5000 77.5000 427.0000
v 77.5000 97.5000 427.0000
v 77.5000 77.5000 402.0000
v 77.5000 97.5000 402.0000
v 77.5000 102.5000 427.0000
v 77.5000 122.5000 427.0000
v 77.5000 102.5000 402.0000
v 77.5000 122.5000 402.0000
v 77.5000 127.5000 427.0000
v 77.5000 150.0000 427.0000
v 77.5000 127.5000 402.0000
v 77.5000 150.0000 402.0000
v 97.5000 -150.0000 427.0000
v 97.5000 -127.5000 427.0000
v 97.5000 -150.0000 402.0000
v 97.5000 -127.5000 402.0000
v 97.5000 -122.5000 427.0000
v 97.5000 -122.5000 402.0000
v 97.5000 -102.5000 427.0000
v 97.5000 -102.5000 402.0000
v 97.5000 -97.5000 427.0000
v 97.5000 -97.5000 402.0000
v 97.5000 -77.5000 427.0000
v 97.5000 -77.5000 402.0000
v 97.5000 -72.5000 427.0000
v 97.5000 -72.5000 402.0000
v 97.5000 -52.5000 427.0000
v 97.5000 -52.5000 402.0000
v 97.5000 -47.5000 427.0000
v 97.5000 -47.5000 402.0000
v 97.5000 -27.5000 427.0000
v 97.5000 -27.5000 402.0000
v 97.5000 -22.5000 427.0000
v 97.5000 -22.5000 402.0000
v 97.5000 -2.5000 427.0000
v 97.5000 -2.5000 402.0000
v 97.5000 2.5000 427.0000
v 97.5000 2.5000 402.0000
v 97.5000 22.5000 427.0000
v 97.5000 22.5000 402.0000
v 97.5000 27.5000 427.0000
v 97.5000 27.5000 402.0000
v 97.5000 47.5000 427.0000
v 97.5000 47.5000 402.0000
v 97.5000 52.5000 427.0000
v 97.5000 52.5000 402.0000
v 97.5000 72.5000 427.0000
v 97.5000 72.5000 402.0000
v 97.5000 77.5000 427.0000
v 97.5000 77.5000 402.0000
v 97.5000 97.5000 427.0000
v 97.5000 97.5000 402.0000
v 97.5000 102.5000 427.0000
v 97.5000 102.5000 402.0000
v 97.5000 122.5000 427.0000
v 97.5000 122.5000 402.0000
v 97.5000 127.5000 427.0000
v 97.5000 127.5000 402.0000
v 97.5000 150.0000 427.0000
v 97.5000 150.0000 402.0000
v 102.5000 -150.0000 427.0000
v 102.5000 -127.5000 427.0000
v 102.5000 -150.0000 402.0000
v 102.5000 -127.5000 402.0000
v 102.5000 -122.5000 427.0000
v 102.5000 -102.5000 427.0000
v 102.5000 -122.5000 402.0000
v 102.5000 -102.5000 402.0000
v 102.5000 -97.5000 427.0000
v 102.5000 -77.5000 427.0000
v 102.5000 -97.5000 402.0000
v 102.5000 -77.5000 402.0000
v 102.5000 -72.5000 427.0000
v 102.5000 -52.5000 427.0000
v 102.5000 -72.5000 402.0000
v 102.5000 -52.5000 402.0000
v 102.5000 -47.5000 427.0000
v 102.5000 -27.5000 427.0000
v 102.5000 -47.5000 402.0000
v 102.5000 -27.5000 402.0000
v 102.5000 -22.5000 427.0000
v 102.5000 -2.5000 427.0000
v 102.5000 -22.5000 402.0000
v 102.5000 -2.5000 402.0000
v 102.5000 2.5000 427.0000
v 102.5000 22.5000 427.0000
v 102.5000 2.5000 402.0000
v 102.5000 22.5000 402.0000
v 102.5000 27.5000 427.0000
v 102.5000 47.5000 427.0000
v 102.5000 27.5000 402.0000
v 102.5000 47.5000 402.0000
v 102.5000 52.5000 427.0000
v 102.5000 72.5000 427.0000
v 102.5000 52.5000 402.0000
v 102.5000 72.5000 402.0000
v 102.5000 77.5000 427.0000
v 102.5000 97.5000 427.0000
v 102.5000 77.5000 402.0000
v 102.5000 97.5000 402.0000
v 102.5000 102.5000 427.0000
v 102.5000 122.5000 427.0000
v 102.5000 102.5000 402.0000
v 102.5000 122.5000 402.0000
v 102.5000 127.5000 427.0000
v 102.5000 150.0000 427.0000
v 102.5000 127.5000 402.0000
v 102.5000 150.0000 402.0000
v 122.5000 -150.0000 427.0000
v 122.5000 -127.5000 427.0000
v 122.5000 -150.0000 402.0000
v 122.5000 -127.5000 402.0000
v 122.5000 -122.5000 427.0000
v 122.5000 -122.5000 402.0000
v 122.5000 -102.5000 427.0000
v 122.5000 -102.5000 402.0000
v 122.5000 -97.5000 427.0000
v 122.5000 -97.5000 402.0000
v 122.5000 -77.5000 427.0000
v 122.5000 -77.5000 402.0000
v 122.5000 -72.5000 427.0000
v 122.5000 -72.5000 402.0000
v 122.5000 -52.5000 427.0000
v 122.5000 -52.5000 402.0000
v 122.5000 -47.5000 427.0000
v 122.5000 -47.5000 402.0000
v 122.5000 -27.5000 427.0000
v 122.5000 -27.5000 402.0000
v 122.5000 -22.5000 427.0000
v 122.5000 -22.5000 402.0000
v 122.5000 -2.5000 427.0000
v 122.5000 -2.5000 402.0000
v 122.5000 2.5000 427.0000
v 122.5000 2.5000 402.0000
v 122.5000 22.5000 427.0000
v 122.5000 22.5000 402.0000
v 122.5000 27.5000 427.0000
v 122.5000 27.5000 402.0000
v 122.5000 47.5000 427.0000
v 122.5000 47.5000 402.0000
v 122.5000 52.5000 427.0000
v 122.5000 52.5000 402.0000
v 122.5000 72.5000 427.0000
v 122.5000 72.5000 402.0000
v 122.5000 77.5000 427.0000
v 122.5000 77.5000 402.0000
v 122.5000 97.5000 427.0000
v 122.5000 97.5000 402.0000
v 122.5000 102.5000 427.0000
v 122.5000 102.5000 402.0000
v 122.5000 122.5000 427.0000
v 122.5000 122.5000 402.0000
v 122.5000 127.5000 427.0000
v 122.5000 127.5000 402.0000
v 122.5000 150.0000 427.0000
v 122.5000 150.0000 402.0000
v 127.5000 -150.0000 427.0000
v 127.5000 -127.5000 427.0000
v 127.5000 -150.0000 402.0000
v 127.5000 -127.5000 402.0000
v 127.5000 -122.5000 427.0000
v 127.5000 -102.5000 427.0000
v 127.5000 -122.5000 402.0000
v 127.5000 -102.5000 402.0000
v 127.5000 -97.5000 427.0000
v 127.5000 -77.5000 427.0000
v 127.5000 -97.5000 402.0000
v 127.5000 -77.5000 402.0000
v 127.5000 -72.5000 427.0000
v 127.5000 -52.5000 427.0000
v 127.5000 -72.5000 402.0000
v 127.5000 -52.5000 402.0000
v 127.5000 -47.5000 427.0000
v 127.5000 -27.5000 427.0000
v 127.5000 -47.5000 402.0000
v 127.5000 -27.5000 402.0000
v 127.5000 -22.5000 427.0000
v 127.5000 -2.5000 427.0000
v 127.5000 -22.5000 402.0000
v 127.5000 -2.5000 402.0000
v 127.5000 2.5000 427.0000
v 127.5000 22.5000 427.0000
v 127.5000 2.5000 402.0000
v 127.5000 22.5000 402.0000
v 127.5000 27.5000 427.0000
v 127.5000 47.5000 427.0000
v 127.5000 27.5000 402.0000
v 127.5000 47.5000 402.0000
v 127.5000 52.5000 427.0000
v 127.5000 72.5000 427.0000
v 127.5000 52.5000 402.0000
v 127.5000 72.5000 402.0000
v 127.5000 77.5000 427.0000
v 127.5000 97.5000 427.0000
v 127.5000 77.5000 402.0000
v 127.5000 97.5000 402.0000
v 127.5000 102.5000 427.0000
v 127.5000 122.5000 427.0000
v 127.5000 102.5000 402.0000
v 127.5000 122.5000 402.0000
v 127.5000 127.5000 427.0000
v 127.5000 150.0000 427.0000
v 127.5000 127.5000 402.0000
v 127.5000 150.0000 402.0000
v 150.0000 -150.0000 427.0000
v 150.0000 -127.5000 427.0000
v 150.0000 -150.0000 402.0000
v 150.0000 -127.5000 402.0000
v 150.0000 -122.5000 427.0000
v 150.0000 -122.5000 402.0000
v 150.0000 -102.5000 427.0000
v 150.0000 -102.5000 402.0000
v 150.0000 -97.5000 427.0000
v 150.0000 -97.5000 402.0000
v 150.0000 -77.5000 427.0000
v 150.0000 -77.5000 402.0000
v 150.0000 -72.5000 427.0000
v 150.0000 -72.5000 402.0000
v 150.0000 -52.5000 427.0000
v 150.0000 -52.5000 402.0000
v 150.0000 -47.5000 427.0000
v 150.0000 -47.5000 402.0000
v 150.0000 -27.5000 427.0000
v 150.0000 -27.5000 402.0000
v 150.0000 -22.5000 427.0000
v 150.0000 -22.5000 402.0000
v 150.0000 -2.5000 427.0000
v 150.0000 -2.5000 402.0000
v 150.0000 2.5000 427.0000
v 150.0000 2.5000 402.0000
v 150.0000 22.5000 427.0000
v 150.0000 22.5000 402.0000
v 150.0000 27.5000 427.0000
v 150.0000 27.5000 402.0000
v 150.0000 47.5000 427.0000
v 150.0000 47.5000 402.0000
v 150.0000 52.5000 427.0000
v 150.0000 52.5000 402.0000
v 150.0000 72.5000 427.0000
v 150.0000 72.5000 402.0000
v 150.0000 77.5000 427.0000
v 150.0000 77.5000 402.0000
v 150.0000 97.5000 427.0000
v 150.0000 97.5000 402.0000
v 150.0000 102.5000 427.0000
v 150.0000 102.5000 402.0000
v 150.0000 122.5000 427.0000
v 150.0000 122.5000 402.0000
v 150.0000 127.5000 427.0000
v 150.0000 127.5000 402.0000
v 150.0000 150.0000 427.0000
v 150.0000 150.0000 402.0000
v -152.0000 -430.4717 427.0000
v -148.0000 -430.4717 427.0000
v -148.0000 -148.0000 427.0000
v -152.0000 -148.0000 427.0000
v -152.0000 -430.4717 402.0000
v -148.0000 -430.4717 402.0000
v -148.0000 -148.0000 402.0000
v -152.0000 -148.0000 402.0000
v -136.0000 -430.4717 427.0000
v -132.0000 -430.4717 427.0000
v -132.0000 -148.0000 427.0000
v -136.0000 -148.0000 427.0000
v -136.0000 -430.4717 402.0000
v -132.0000 -430.4717 402.0000
v -132.0000 -148.0000 402.0000
v -136.0000 -148.0000 402.0000
v -152.0000 -152.0000 427.0000
v -132.0000 -152.0000 427.0000
v -132.0000 -148.0000 427.0000
v -152.0000 -148.0000 427.0000
v -152.0000 -152.0000 402.0000
v -132.0000 -152.0000 402.0000
v -132.0000 -148.0000 402.0000
v -152.0000 -148.0000 402.0000
v -158.0000 -448.4717 427.0000
v -126.0000 -448.4717 427.0000
v -126.0000 -428.4717 427.0000
v -158.0000 -428.4717 427.0000
v -158.0000 -448.4717 402.0000
v -126.0000 -448.4717 402.0000
v -126.0000 -428.4717 402.0000
v -158.0000 -428.4717 402.0000
v -158.0000 -448.4717 402.0000
v -126.0000 -448.4717 402.0000
v -126.0000 -428.4717 402.0000
v -158.0000 -428.4717 402.0000
v -158.0000 -448.4717 400.0000
v -126.0000 -448.4717 400.0000
v -126.0000 -428.4717 400.0000
v -158.0000 -428.4717 400.0000
v 148.0000 -430.4717 427.0000
v 152.0000 -430.4717 427.0000
v 152.0000 -148.0000 427.0000
v 148.0000 -148.0000 427.0000
v 148.0000 -430.4717 402.0000
v 152.0000 -430.4717 402.0000
v 152.0000 -148.0000 402.0000
v 148.0000 -148.0000 402.0000
v 132.0000 -430.4717 427.0000
v 136.0000 -430.4717 427.0000
v 136.0000 -148.0000 427.0000
v 132.0000 -148.0000 427.0000
v 132.0000 -430.4717 402.0000
v 136.0000 -430.4717 402.0000
v 136.0000 -148.0000 402.0000
v 132.0000 -148.0000 402.0000
v 132.0000 -152.0000 427.0000
v 152.0000 -152.0000 427.0000
v 152.0000 -148.0000 427.0000
v 132.0000 -148.0000 427.0000
v 132.0000 -152.0000 402.0000
v 152.0000 -152.0000 402.0000
v 152.0000 -148.0000 402.0000
v 132.0000 -148.0000 402.0000
v 126.0000 -448.4717 427.0000
v 158.0000 -448.4717 427.0000
v 158.0000 -428.4717 427.0000
v 126.0000 -428.4717 427.0000
v 126.0000 -448.4717 402.0000
v 158.0000 -448.4717 402.0000
v 158.0000 -428.4717 402.0000
v 126.0000 -428.4717 402.0000
v 126.0000 -448.4717 402.0000
v 158.0000 -448.4717 402.0000
v 158.0000 -428.4717 402.0000
v 126.0000 -428.4717 402.0000
v 126.0000 -448.4717 400.0000
v 158.0000 -448.4717 400.0000
v 158.0000 -428.4717 400.0000
v 126.0000 -428.4717 400.0000
v 148.0000 148.0000 427.0000
v 152.0000 148.0000 427.0000
v 152.0000 430.4717 427.0000
v 148.0000 430.4717 427.0000
v 148.0000 148.0000 402.0000
v 152.0000 148.0000 402.0000
v 152.0000 430.4717 402.0000
v 148.0000 430.4717 402.0000
v 132.0000 148.0000 427.0000
v 136.0000 148.0000 427.0000
v 136.0000 430.4717 427.0000
v 132.0000 430.4717 427.0000
v 132.0000 148.0000 402.0000
v 136.0000 148.0000 402.0000
v 136.0000 430.4717 402.0000
v 132.0000 430.4717 402.0000
v 132.0000 148.0000 427.0000
v 152.0000 148.0000 427.0000
v 152.0000 152.0000 427.0000
v 132.0000 152.0000 427.0000
v 132.0000 148.0000 402.0000
v 152.0000 148.0000 402.0000
v 152.0000 152.0000 402.0000
v 132.0000 152.0000 402.0000
v 126.0000 428.4717 427.0000
v 158.0000 428.4717 427.0000
v 158.0000 448.4717 427.0000
v 126.0000 448.4717 427.0000
v 126.0000 428.4717 402.0000
v 158.0000 428.4717 402.0000
v 158.0000 448.4717 402.0000
v 126.0000 448.4717 402.0000
v 126.0000 428.4717 402.0000
v 158.0000 428.4717 402.0000
v 158.0000 448.4717 402.0000
v 126.0000 448.4717 402.0000
v 126.0000 428.4717 400.0000
v 158.0000 428.4717 400.0000
v 158.0000 448.4717 400.0000
v 126.0000 448.4717 400.0000
v -152.0000 148.0000 427.0000
v -148.0000 148.0000 427.0000
v -148.0000 430.4717 427.0000
v -152.0000 430.4717 427.0000
v -152.0000 148.0000 402.0000
v -148.0000 148.0000 402.0000
v -148.0000 430.4717 402.0000
v -152.0000 430.4717 402.0000
v -136.0000 148.0000 427.0000
v -132.0000 148.0000 427.0000
v -132.0000 430.4717 427.0000
v -136.0000 430.4717 427.0000
v -136.0000 148.0000 402.0000
v -132.0000 148.0000 402.0000
v -132.0000 430.4717 402.0000
v -136.0000 430.4717 402.0000
v -152.0000 148.0000 427.0000
v -132.0000 148.0000 427.0000
v -132.0000 152.0000 427.0000
v -152.0000 152.0000 427.0000
v -152.0000 148.0000 402.0000
v -132.0000 148.0000 402.0000
v -132.0000 152.0000 402.0000
v -152.0000 152.0000 402.0000
v -158.0000 428.4717 427.0000
v -126.0000 428.4717 427.0000
v -126.0000 448.4717 427.0000
v -158.0000 448.4717 427.0000
v -158.0000 428.4717 402.0000
v -126.0000 428.4717 402.0000
v -126.0000 448.4717 402.0000
v -158.0000 448.4717 402.0000
v -158.0000 428.4717 402.0000
v -126.0000 428.4717 402.0000
v -126.0000 448.4717 402.0000
v -158.0000 448.4717 402.0000
v -158.0000 428.4717 400.0000
v -126.0000 428.4717 400.0000
v -126.0000 448.4717 400.0000
v -158.0000 448.4717 400.0000
v -156.0000 -85.0000 427.0000
v -148.0000 -85.0000 427.0000
v -148.0000 85.0000 427.0000
v -156.0000 85.0000 427.0000
v -156.0000 -85.0000 402.0000
v -148.0000 -85.0000 402.0000
v -148.0000 85.0000 402.0000
v -156.0000 85.0000 402.0000
v -206.0000 -85.0000 427.0000
v -198.0000 -85.0000 427.0000
v -198.0000 85.0000 427.0000
v -206.0000 85.0000 427.0000
v -206.0000 -85.0000 402.0000
v -198.0000 -85.0000 402.0000
v -198.0000 85.0000 402.0000
v -206.0000 85.0000 402.0000
v -206.0000 -85.0000 402.0000
v -198.0000 -85.0000 402.0000
v -198.0000 85.0000 402.0000
v -206.0000 85.0000 402.0000
v -206.0000 -85.0000 400.0000
v -198.0000 -85.0000 400.0000
v -198.0000 85.0000 400.0000
v -206.0000 85.0000 400.0000
v -196.0000 81.0000 427.0000
v -156.0000 81.0000 427.0000
v -156.0000 84.0000 427.0000
v -196.0000 84.0000 427.0000
v -196.0000 81.0000 402.0000
v -156.0000 81.0000 402.0000
v -156.0000 84.0000 402.0000
v -196.0000 84.0000 402.0000
v -198.0000 76.0000 427.0000
v -158.0000 76.0000 427.0000
v -158.0000 79.0000 427.0000
v -198.0000 79.0000 427.0000
v -198.0000 76.0000 402.0000
v -158.0000 76.0000 402.0000
v -158.0000 79.0000 402.0000
v -198.0000 79.0000 402.0000
v -198.0000 76.0000 402.0000
v -158.0000 76.0000 402.0000
v -158.0000 79.0000 402.0000
v -198.0000 79.0000 402.0000
v -198.0000 76.0000 400.0000
v -158.0000 76.0000 400.0000
v -158.0000 79.0000 400.0000
v -198.0000 79.0000 400.0000
v -196.0000 71.0000 427.0000
v -156.0000 71.0000 427.0000
v -156.0000 74.0000 427.0000
v -196.0000 74.0000 427.0000
v -196.0000 71.0000 402.0000
v -156.0000 71.0000 402.0000
v -156.0000 74.0000 402.0000
v -196.0000 74.0000 402.0000
v -198.0000 66.0000 427.0000
v -158.0000 66.0000 427.0000
v -158.0000 69.0000 427.0000
v -198.0000 69.0000 427.0000
v -198.0000 66.0000 402.0000
v -158.0000 66.0000 402.0000
v -158.0000 69.0000 402.0000
v -198.0000 69.0000 402.0000
v -198.0000 66.0000 402.0000
v -158.0000 66.0000 402.0000
v -158.0000 69.0000 402.0000
v -198.0000 69.0000 402.0000
v -198.0000 66.0000 400.0000
v -158.0000 66.0000 400.0000
v -158.0000 69.0000 400.0000
v -198.0000 69.0000 400.0000
v -196.0000 61.0000 427.0000
v -156.0000 61.0000 427.0000
v -156.0000 64.0000 427.0000
v -196.0000 64.0000 427.0000
v -196.0000 61.0000 402.0000
v -156.0000 61.0000 402.0000
v -156.0000 64.0000 402.0000
v -196.0000 64.0000 402.0000
v -198.0000 56.0000 427.0000
v -158.0000 56.0000 427.0000
v -158.0000 59.0000 427.0000
v -198.0000 59.0000 427.0000
v -198.0000 56.0000 402.0000
v -158.0000 56.0000 402.0000
v -158.0000 59.0000 402.0000
v -198.0000 59.0000 402.0000
v -198.0000 56.0000 402.0000
v -158.0000 56.0000 402.0000
v -158.0000 59.0000 402.0000
v -198.0000 59.0000 402.0000
v -198.0000 56.0000 400.0000
v -158.0000 56.0000 400.0000
v -158.0000 59.0000 400.0000
v -198.0000 59.0000 400.0000
v -196.0000 51.0000 427.0000
v -156.0000 51.0000 427.0000
v -156.0000 54.0000 427.0000
v -196.0000 54.0000 427.0000
v -196.0000 51.0000 402.0000
v -156.0000 51.0000 402.0000
v -156.0000 54.0000 402.0000
v -196.0000 54.0000 402.0000
v -198.0000 46.0000 427.0000
v -158.0000 46.0000 427.0000
v -158.0000 49.0000 427.0000
v -198.0000 49.0000 427.0000
v -198.0000 46.0000 402.0000
v -158.0000 46.0000 402.0000
v -158.0000 49.0000 402.0000
v -198.0000 49.0000 402.0000
v -198.0000 46.0000 402.0000
v -158.0000 46.0000 402.0000
v -158.0000 49.0000 402.0000
v -198.0000 49.0000 402.0000
v -198.0000 46.0000 400.0000
v -158.0000 46.0000 400.0000
v -158.0000 49.0000 400.0000
v -198.0000 49.0000 400.0000
v -196.0000 41.0000 427.0000
v -156.0000 41.0000 427.0000
v -156.0000 44.0000 427.0000
v -196.0000 44.0000 427.0000
v -196.0000 41.0000 402.0000
v -156.0000 41.0000 402.0000
v -156.0000 44.0000 402.0000
v -196.0000 44.0000 402.0000
v -198.0000 36.0000 427.0000
v -158.0000 36.0000 427.0000
v -158.0000 39.0000 427.0000
v -198.0000 39.0000 427.0000
v -198.0000 36.0000 402.0000
v -158.0000 36.0000 402.0000
v -158.0000 39.0000 402.0000
v -198.0000 39.0000 402.0000
v -198.0000 36.0000 402.0000
v -158.0000 36.0000 402.0000
v -158.0000 39.0000 402.0000
v -198.0000 39.0000 402.0000
v -198.0000 36.0000 400.0000
v -158.0000 36.0000 400.0000
v -158.0000 39.0000 400.0000
v -198.0000 39.0000 400.0000
v -196.0000 31.0000 427.0000
v -156.0000 31.0000 427.0000
v -156.0000 34.0000 427.0000
v -196.0000 34.0000 427.0000
v -196.0000 31.0000 402.0000
v -156.0000 31.0000 402.0000
v -156.0000 34.0000 402.0000
v -196.0000 34.0000 402.0000
v -198.0000 26.0000 427.0000
v -158.0000 26.0000 427.0000
v -158.0000 29.0000 427.0000
v -198.0000 29.0000 427.0000
v -198.0000 26.0000 402.0000
v -158.0000 26.0000 402.0000
v -158.0000 29.0000 402.0000
v -198.0000 29.0000 402.0000
v -198.0000 26.0000 402.0000
v -158.0000 26.0000 402.0000
v -158.0000 29.0000 402.0000
v -198.0000 29.0000 402.0000
v -198.0000 26.0000 400.0000
v -158.0000 26.0000 400.0000
v -158.0000 29.0000 400.0000
v -198.0000 29.0000 400.0000
v -196.0000 21.0000 427.0000
v -156.0000 21.0000 427.0000
v -156.0000 24.0000 427.0000
v -196.0000 24.0000 427.0000
v -196.0000 21.0000 402.0000
v -156.0000 21.0000 402.0000
v -156.0000 24.0000 402.0000
v -196.0000 24.0000 402.0000
v -198.0000 16.0000 427.0000
v -158.0000 16.0000 427.0000
v -158.0000 19.0000 427.0000
v -198.0000 19.0000 427.0000
v -198.0000 16.0000 402.0000
v -158.0000 16.0000 402.0000
v -158.0000 19.0000 402.0000
v -198.0000 19.0000 402.0000
v -198.0000 16.0000 402.0000
v -158.0000 16.0000 402.0000
v -158.0000 19.0000 402.0000
v -198.0000 19.0000 402.0000
v -198.0000 16.0000 400.0000
v -158.0000 16.0000 400.0000
v -158.0000 19.0000 400.0000
v -198.0000 19.0000 400.0000
v -196.0000 11.0000 427.0000
v -156.0000 11.0000 427.0000
v -156.0000 14.0000 427.0000
v -196.0000 14.0000 427.0000
v -196.0000 11.0000 402.0000
v -156.0000 11.0000 402.0000
v -156.0000 14.0000 402.0000
v -196.0000 14.0000 402.0000
v -198.0000 6.0000 427.0000
v -158.0000 6.0000 427.0000
v -158.0000 9.0000 427.0000
v -198.0000 9.0000 427.0000
v -198.0000 6.0000 402.0000
v -158.0000 6.0000 402.0000
v -158.0000 9.0000 402.0000
v -198.0000 9.0000 402.0000
v -198.0000 6.0000 402.0000
v -158.0000 6.0000 402.0000
v -158.0000 9.0000 402.0000
v -198.0000 9.0000 402.0000
v -198.0000 6.0000 400.0000
v -158.0000 6.0000 400.0000
v -158.0000 9.0000 400.0000
v -198.0000 9.0000 400.0000
v -196.0000 1.0000 427.0000
v -156.0000 1.0000 427.0000
v -156.0000 4.0000 427.0000
v -196.0000 4.0000 427.0000
v -196.0000 1.0000 402.0000
v -156.0000 1.0000 402.0000
v -156.0000 4.0000 402.0000
v -196.0000 4.0000 402.0000
v -198.0000 -4.0000 427.0000
v -158.0000 -4.0000 427.0000
v -158.0000 -1.0000 427.0000
v -198.0000 -1.0000 427.0000
v -198.0000 -4.0000 402.0000
v -158.0000 -4.0000 402.0000
v -158.0000 -1.0000 402.0000
v -198.0000 -1.0000 402.0000
v -198.0000 -4.0000 402.0000
v -158.0000 -4.0000 402.0000
v -158.0000 -1.0000 402.0000
v -198.0000 -1.0000 402.0000
v -198.0000 -4.0000 400.0000
v -158.0000 -4.0000 400.0000
v -158.0000 -1.0000 400.0000
v -198.0000 -1.0000 400.0000
v -196.0000 -9.0000 427.0000
v -156.0000 -9.0000 427.0000
v -156.0000 -6.0000 427.0000
v -196.0000 -6.0000 427.0000
v -196.0000 -9.0000 402.0000
v -156.0000 -9.0000 402.0000
v -156.0000 -6.0000 402.0000
v -196.0000 -6.0000 402.0000
v -198.0000 -14.0000 427.0000
v -158.0000 -14.0000 427.0000
v -158.0000 -11.0000 427.0000
v -198.0000 -11.0000 427.0000
v -198.0000 -14.0000 402.0000
v -158.0000 -14.0000 402.0000
v -158.0000 -11.0000 402.0000
v -198.0000 -11.0000 402.0000
v -198.0000 -14.0000 402.0000
v -158.0000 -14.0000 402.0000
v -158.0000 -11.0000 402.0000
v -198.0000 -11.0000 402.0000
v -198.0000 -14.0000 400.0000
v -158.0000 -14.0000 400.0000
v -158.0000 -11.0000 400.0000
v -198.0000 -11.0000 400.0000
v -196.0000 -19.0000 427.0000
v -156.0000 -19.0000 427.0000
v -156.0000 -16.0000 427.0000
v -196.0000 -16.0000 427.0000
v -196.0000 -19.0000 402.0000
v -156.0000 -19.0000 402.0000
v -156.0000 -16.0000 402.0000
v -196.0000 -16.0000 402.0000
v -198.0000 -24.0000 427.0000
v -158.0000 -24.0000 427.0000
v -158.0000 -21.0000 427.0000
v -198.0000 -21.0000 427.0000
v -198.0000 -24.0000 402.0000
v -158.0000 -24.0000 402.0000
v -158.0000 -21.0000 402.0000
v -198.0000 -21.0000 402.0000
v -198.0000 -24.0000 402.0000
v -158.0000 -24.0000 402.0000
v -158.0000 -21.0000 402.0000
v -198.0000 -21.0000 402.0000
v -198.0000 -24.0000 400.0000
v -158.0000 -24.0000 400.0000
v -158.0000 -21.0000 400.0000
v -198.0000 -21.0000 400.0000
v -196.0000 -29.0000 427.0000
v -156.0000 -29.0000 427.0000
v -156.0000 -26.0000 427.0000
v -196.0000 -26.0000 427.0000
v -196.0000 -29.0000 402.0000
v -156.0000 -29.0000 402.0000
v -156.0000 -26.0000 402.0000
v -196.0000 -26.0000 402.0000
v -198.0000 -34.0000 427.0000
v -158.0000 -34.0000 427.0000
v -158.0000 -31.0000 427.0000
v -198.0000 -31.0000 427.0000
v -198.0000 -34.0000 402.0000
v -158.0000 -34.0000 402.0000
v -158.0000 -31.0000 402.0000
v -198.0000 -31.0000 402.0000
v -198.0000 -34.0000 402.0000
v -158.0000 -34.0000 402.0000
v -158.0000 -31.0000 402.0000
v -198.0000 -31.0000 402.0000
v -198.0000 -34.0000 400.0000
v -158.0000 -34.0000 400.0000
v -158.0000 -31.0000 400.0000
v -198.0000 -31.0000 400.0000
v -196.0000 -39.0000 427.0000
v -156.0000 -39.0000 427.0000
v -156.0000 -36.0000 427.0000
v -196.0000 -36.0000 427.0000
v -196.0000 -39.0000 402.0000
v -156.0000 -39.0000 402.0000
v -156.0000 -36.0000 402.0000
v -196.0000 -36.0000 402.0000
v -198.0000 -44.0000 427.0000
v -158.0000 -44.0000 427.0000
v -158.0000 -41.0000 427.0000
v -198.0000 -41.0000 427.0000
v -198.0000 -44.0000 402.0000
v -158.0000 -44.0000 402.0000
v -158.0000 -41.0000 402.0000
v -198.0000 -41.0000 402.0000
v -198.0000 -44.0000 402.0000
v -158.0000 -44.0000 402.0000
v -158.0000 -41.0000 402.0000
v -198.0000 -41.0000 402.0000
v -198.0000 -44.0000 400.0000
v -158.0000 -44.0000 400.0000
v -158.0000 -41.0000 400.0000
v -198.0000 -41.0000 400.0000
v -196.0000 -49.0000 427.0000
v -156.0000 -49.0000 427.0000
v -156.0000 -46.0000 427.0000
v -196.0000 -46.0000 427.0000
v -196.0000 -49.0000 402.0000
v -156.0000 -49.0000 402.0000
v -156.0000 -46.0000 402.0000
v -196.0000 -46.0000 402.0000
v -198.0000 -54.0000 427.0000
v -158.0000 -54.0000 427.0000
v -158.0000 -51.0000 427.0000
v -198.0000 -51.0000 427.0000
v -198.0000 -54.0000 402.0000
v -158.0000 -54.0000 402.0000
v -158.0000 -51.0000 402.0000
v -198.0000 -51.0000 402.0000
v -198.0000 -54.0000 402.0000
v -158.0000 -54.0000 402.0000
v -158.0000 -51.0000 402.0000
v -198.0000 -51.0000 402.0000
v -198.0000 -54.0000 400.0000
v -158.0000 -54.0000 400.0000
v -158.0000 -51.0000 400.0000
v -198.0000 -51.0000 400.0000
v -196.0000 -59.0000 427.0000
v -156.0000 -59.0000 427.0000
v -156.0000 -56.0000 427.0000
v -196.0000 -56.0000 427.0000
v -196.0000 -59.0000 402.0000
v -156.0000 -59.0000 402.0000
v -156.0000 -56.0000 402.0000
v -196.0000 -56.0000 402.0000
v -198.0000 -64.0000 427.0000
v -158.0000 -64.0000 427.0000
v -158.0000 -61.0000 427.0000
v -198.0000 -61.0000 427.0000
v -198.0000 -64.0000 402.0000
v -158.0000 -64.0000 402.0000
v -158.0000 -61.0000 402.0000
v -198.0000 -61.0000 402.0000
v -198.0000 -64.0000 402.0000
v -158.0000 -64.0000 402.0000
v -158.0000 -61.0000 402.0000
v -198.0000 -61.0000 402.0000
v -198.0000 -64.0000 400.0000
v -158.0000 -64.0000 400.0000
v -158.0000 -61.0000 400.0000
v -198.0000 -61.0000 400.0000
v -196.0000 -69.0000 427.0000
v -156.0000 -69.0000 427.0000
v -156.0000 -66.0000 427.0000
v -196.0000 -66.0000 427.0000
v -196.0000 -69.0000 402.0000
v -156.0000 -69.0000 402.0000
v -156.0000 -66.0000 402.0000
v -196.0000 -66.0000 402.0000
v -198.0000 -74.0000 427.0000
v -158.0000 -74.0000 427.0000
v -158.0000 -71.0000 427.0000
v -198.0000 -71.0000 427.0000
v -198.0000 -74.0000 402.0000
v -158.0000 -74.0000 402.0000
v -158.0000 -71.0000 402.0000
v -198.0000 -71.0000 402.0000
v -198.0000 -74.0000 402.0000
v -158.0000 -74.0000 402.0000
v -158.0000 -71.0000 402.0000
v -198.0000 -71.0000 402.0000
v -198.0000 -74.0000 400.0000
v -158.0000 -74.0000 400.0000
v -158.0000 -71.0000 400.0000
v -198.0000 -71.0000 400.0000
v -196.0000 -79.0000 427.0000
v -156.0000 -79.0000 427.0000
v -156.0000 -76.0000 427.0000
v -196.0000 -76.0000 427.0000
v -196.0000 -79.0000 402.0000
v -156.0000 -79.0000 402.0000
v -156.0000 -76.0000 402.0000
v -196.0000 -76.0000 402.0000
v -198.0000 -84.0000 427.0000
v -158.0000 -84.0000 427.0000
v -158.0000 -81.0000 427.0000
v -198.0000 -81.0000 427.0000
v -198.0000 -84.0000 402.0000
v -158.0000 -84.0000 402.0000
v -158.0000 -81.0000 402.0000
v -198.0000 -81.0000 402.0000
v -198.0000 -84.0000 402.0000
v -158.0000 -84.0000 402.0000
v -158.0000 -81.0000 402.0000
v -198.0000 -81.0000 402.0000
v -198.0000 -84.0000 400.0000
v -158.0000 -84.0000 400.0000
v -158.0000 -81.0000 400.0000
v -198.0000 -81.0000 400.0000
v 148.0000 -120.0000 427.0000
v 156.0000 -120.0000 427.0000
v 156.0000 120.0000 427.0000
v 148.0000 120.0000 427.0000
v 148.0000 -120.0000 402.0000
v 156.0000 -120.0000 402.0000
v 156.0000 120.0000 402.0000
v 148.0000 120.0000 402.0000
v 198.0000 -120.0000 427.0000
v 206.0000 -120.0000 427.0000
v 206.0000 120.0000 427.0000
v 198.0000 120.0000 427.0000
v 198.0000 -120.0000 402.0000
v 206.0000 -120.0000 402.0000
v 206.0000 120.0000 402.0000
v 198.0000 120.0000 402.0000
v 198.0000 -120.0000 402.0000
v 206.0000 -120.0000 402.0000
v 206.0000 120.0000 402.0000
v 198.0000 120.0000 402.0000
v 198.0000 -120.0000 400.0000
v 206.0000 -120.0000 400.0000
v 206.0000 120.0000 400.0000
v 198.0000 120.0000 400.0000
v 156.0000 -119.0000 427.0000
v 196.0000 -119.0000 427.0000
v 196.0000 -116.0000 427.0000
v 156.0000 -116.0000 427.0000
v 156.0000 -119.0000 402.0000
v 196.0000 -119.0000 402.0000
v 196.0000 -116.0000 402.0000
v 156.0000 -116.0000 402.0000
v 158.0000 -114.0000 427.0000
v 198.0000 -114.0000 427.0000
v 198.0000 -111.0000 427.0000
v 158.0000 -111.0000 427.0000
v 158.0000 -114.0000 402.0000
v 198.0000 -114.0000 402.0000
v 198.0000 -111.0000 402.0000
v 158.0000 -111.0000 402.0000
v 158.0000 -114.0000 402.0000
v 198.0000 -114.0000 402.0000
v 198.0000 -111.0000 402.0000
v 158.0000 -111.0000 402.0000
v 158.0000 -114.0000 400.0000
v 198.0000 -114.0000 400.0000
v 198.0000 -111.0000 400.0000
v 158.0000 -111.0000 400.0000
v 156.0000 -109.0000 427.0000
v 196.0000 -109.0000 427.0000
v 196.0000 -106.0000 427.0000
v 156.0000 -106.0000 427.0000
v 156.0000 -109.0000 402.0000
v 196.0000 -109.0000 402.0000
v 196.0000 -106.0000 402.0000
v 156.0000 -106.0000 402.0000
v 158.0000 -104.0000 427.0000
v 198.0000 -104.0000 427.0000
v 198.0000 -101.0000 427.0000
v 158.0000 -101.0000 427.0000
v 158.0000 -104.0000 402.0000
v 198.0000 -104.0000 402.0000
v 198.0000 -101.0000 402.0000
v 158.0000 -101.0000 402.0000
v 158.0000 -104.0000 402.0000
v 198.0000 -104.0000 402.0000
v 198.0000 -101.0000 402.0000
v 158.0000 -101.0000 402.0000
v 158.0000 -104.0000 400.0000
v 198.0000 -104.0000 400.0000
v 198.0000 -101.0000 400.0000
v 158.0000 -101.0000 400.0000
v 156.0000 -99.0000 427.0000
v 196.0000 -99.0000 427.0000
v 196.0000 -96.0000 427.0000
v 156.0000 -96.0000 427.0000
v 156.0000 -99.0000 402.0000
v 196.0000 -99.0000 402.0000
v 196.0000 -96.0000 402.0000
v 156.0000 -96.0000 402.0000
v 158.0000 -94.0000 427.0000
v 198.0000 -94.0000 427.0000
v 198.0000 -91.0000 427.0000
v 158.0000 -91.0000 427.0000
v 158.0000 -94.0000 402.0000
v 198.0000 -94.0000 402.0000
v 198.0000 -91.0000 402.0000
v 158.0000 -91.0000 402.0000
v 158.0000 -94.0000 402.0000
v 198.0000 -94.0000 402.0000
v 198.0000 -91.0000 402.0000
v 158.0000 -91.0000 402.0000
v 158.0000 -94.0000 400.0000
v 198.0000 -94.0000 400.0000
v 198.0000 -91.0000 400.0000
v 158.0000 -91.0000 400.0000
v 156.0000 -89.0000 427.0000
v 196.0000 -89.0000 427.0000
v 196.0000 -86.0000 427.0000
v 156.0000 -86.0000 427.0000
v 156.0000 -89.0000 402.0000
v 196.0000 -89.0000 402.0000
v 196.0000 -86.0000 402.0000
v 156.0000 -86.0000 402.0000
v 158.0000 -84.0000 427.0000
v 198.0000 -84.0000 427.0000
v 198.0000 -81.0000 427.0000
v 158.0000 -81.0000 427.0000
v 158.0000 -84.0000 402.0000
v 198.0000 -84.0000 402.0000
v 198.0000 -81.0000 402.0000
v 158.0000 -81.0000 402.0000
v 158.0000 -84.0000 402.0000
v 198.0000 -84.0000 402.0000
v 198.0000 -81.0000 402.0000
v 158.0000 -81.0000 402.0000
v 158.0000 -84.0000 400.0000
v 198.0000 -84.0000 400.0000
v 198.0000 -81.0000 400.0000
v 158.0000 -81.0000 400.0000
v 156.0000 -79.0000 427.0000
v 196.0000 -79.0000 427.0000
v 196.0000 -76.0000 427.0000
v 156.0000 -76.0000 427.0000
v 156.0000 -79.0000 402.0000
v 196.0000 -79.0000 402.0000
v 196.0000 -76.0000 402.0000
v 156.0000 -76.0000 402.0000
v 158.0000 -74.0000 427.0000
v 198.0000 -74.0000 427.0000
v 198.0000 -71.0000 427.0000
v 158.0000 -71.0000 427.0000
v 158.0000 -74.0000 402.0000
v 198.0000 -74.0000 402.0000
v 198.0000 -71.0000 402.0000
v 158.0000 -71.0000 402.0000
v 158.0000 -74.0000 402.0000
v 198.0000 -74.0000 402.0000
v 198.0000 -71.0000 402.0000
v 158.0000 -71.0000 402.0000
v 158.0000 -74.0000 400.0000
v 198.0000 -74.0000 400.0000
v 198.0000 -71.0000 400.0000
v 158.0000 -71.0000 400.0000
v 156.0000 -69.0000 427.0000
v 196.0000 -69.0000 427.0000
v 196.0000 -66.0000 427.0000
v 156.0000 -66.0000 427.0000
v 156.0000 -69.0000 402.0000
v 196.0000 -69.0000 402.0000
v 196.0000 -66.0000 402.0000
v 156.0000 -66.0000 402.0000
v 158.0000 -64.0000 427.0000
v 198.0000 -64.0000 427.0000
v 198.0000 -61.0000 427.0000
v 158.0000 -61.0000 427.0000
v 158.0000 -64.0000 402.0000
v 198.0000 -64.0000 402.0000
v 198.0000 -61.0000 402.0000
v 158.0000 -61.0000 402.0000
v 158.0000 -64.0000 402.0000
v 198.0000 -64.0000 402.0000
v 198.0000 -61.0000 402.0000
v 158.0000 -61.0000 402.0000
v 158.0000 -64.0000 400.0000
v 198.0000 -64.0000 400.0000
v 198.0000 -61.0000 400.0000
v 158.0000 -61.0000 400.0000
v 156.0000 -59.0000 427.0000
v 196.0000 -59.0000 427.0000
v 196.0000 -56.0000 427.0000
v 156.0000 -56.0000 427.0000
v 156.0000 -59.0000 402.0000
v 196.0000 -59.0000 402.0000
v 196.0000 -56.0000 402.0000
v 156.0000 -56.0000 402.0000
v 158.0000 -54.0000 427.0000
v 198.0000 -54.0000 427.0000
v 198.0000 -51.0000 427.0000
v 158.0000 -51.0000 427.0000
v 158.0000 -54.0000 402.0000
v 198.0000 -54.0000 402.0000
v 198.0000 -51.0000 402.0000
v 158.0000 -51.0000 402.0000
v 158.0000 -54.0000 402.0000
v 198.0000 -54.0000 402.0000
v 198.0000 -51.0000 402.0000
v 158.0000 -51.0000 402.0000
v 158.0000 -54.0000 400.0000
v 198.0000 -54.0000 400.0000
v 198.0000 -51.0000 400.0000
v 158.0000 -51.0000 400.0000
v 156.0000 -49.0000 427.0000
v 196.0000 -49.0000 427.0000
v 196.0000 -46.0000 427.0000
v 156.0000 -46.0000 427.0000
v 156.0000 -49.0000 402.0000
v 196.0000 -49.0000 402.0000
v 196.0000 -46.0000 402.0000
v 156.0000 -46.0000 402.0000
v 158.0000 -44.0000 427.0000
v 198.0000 -44.0000 427.0000
v 198.0000 -41.0000 427.0000
v 158.0000 -41.0000 427.0000
v 158.0000 -44.0000 402.0000
v 198.0000 -44.0000 402.0000
v 198.0000 -41.0000 402.0000
v 158.0000 -41.0000 402.0000
v 158.0000 -44.0000 402.0000
v 198.0000 -44.0000 402.0000
v 198.0000 -41.0000 402.0000
v 158.0000 -41.0000 402.0000
v 158.0000 -44.0000 400.0000
v 198.0000 -44.0000 400.0000
v 198.0000 -41.0000 400.0000
v 158.0000 -41.0000 400.0000
v 156.0000 -39.0000 427.0000
v 196.0000 -39.0000 427.0000
v 196.0000 -36.0000 427.0000
v 156.0000 -36.0000 427.0000
v 156.0000 -39.0000 402.0000
v 196.0000 -39.0000 402.0000
v 196.0000 -36.0000 402.0000
v 156.0000 -36.0000 402.0000
v 158.0000 -34.0000 427.0000
v 198.0000 -34.0000 427.0000
v 198.0000 -31.0000 427.0000
v 158.0000 -31.0000 427.0000
v 158.0000 -34.0000 402.0000
v 198.0000 -34.0000 402.0000
v 198.0000 -31.0000 402.0000
v 158.0000 -31.0000 402.0000
v 158.0000 -34.0000 402.0000
v 198.0000 -34.0000 402.0000
v 198.0000 -31.0000 402.0000
v 158.0000 -31.0000 402.0000
v 158.0000 -34.0000 400.0000
v 198.0000 -34.0000 400.0000
v 198.0000 -31.0000 400.0000
v 158.0000 -31.0000 400.0000
v 156.0000 -29.0000 427.0000
v 196.0000 -29.0000 427.0000
v 196.0000 -26.0000 427.0000
v 156.0000 -26.0000 427.0000
v 156.0000 -29.0000 402.0000
v 196.0000 -29.0000 402.0000
v 196.0000 -26.0000 402.0000
v 156.0000 -26.0000 402.0000
v 158.0000 -24.0000 427.0000
v 198.0000 -24.0000 427.0000
v 198.0000 -21.0000 427.0000
v 158.0000 -21.0000 427.0000
v 158.0000 -24.0000 402.0000
v 198.0000 -24.0000 402.0000
v 198.0000 -21.0000 402.0000
v 158.0000 -21.0000 402.0000
v 158.0000 -24.0000 402.0000
v 198.0000 -24.0000 402.0000
v 198.0000 -21.0000 402.0000
v 158.0000 -21.0000 402.0000
v 158.0000 -24.0000 400.0000
v 198.0000 -24.0000 400.0000
v 198.0000 -21.0000 400.0000
v 158.0000 -21.0000 400.0000
v 156.0000 -19.0000 427.0000
v 196.0000 -19.0000 427.0000
v 196.0000 -16.0000 427.0000
v 156.0000 -16.0000 427.0000
v 156.0000 -19.0000 402.0000
v 196.0000 -19.0000 402.0000
v 196.0000 -16.0000 402.0000
v 156.0000 -16.0000 402.0000
v 158.0000 -14.0000 427.0000
v 198.0000 -14.0000 427.0000
v 198.0000 -11.0000 427.0000
v 158.0000 -11.0000 427.0000
v 158.0000 -14.0000 402.0000
v 198.0000 -14.0000 402.0000
v 198.0000 -11.0000 402.0000
v 158.0000 -11.0000 402.0000
v 158.0000 -14.0000 402.0000
v 198.0000 -14.0000 402.0000
v 198.0000 -11.0000 402.0000
v 158.0000 -11.0000 402.0000
v 158.0000 -14.0000 400.0000
v 198.0000 -14.0000 400.0000
v 198.0000 -11.0000 400.0000
v 158.0000 -11.0000 400.0000
v 156.0000 -9.0000 427.0000
v 196.0000 -9.0000 427.0000
v 196.0000 -6.0000 427.0000
v 156.0000 -6.0000 427.0000
v 156.0000 -9.0000 402.0000
v 196.0000 -9.0000 402.0000
v 196.0000 -6.0000 402.0000
v 156.0000 -6.0000 402.0000
v 158.0000 -4.0000 427.0000
v 198.0000 -4.0000 427.0000
v 198.0000 -1.0000 427.0000
v 158.0000 -1.0000 427.0000
v 158.0000 -4.0000 402.0000
v 198.0000 -4.0000 402.0000
v 198.0000 -1.0000 402.0000
v 158.0000 -1.0000 402.0000
v 158.0000 -4.0000 402.0000
v 198.0000 -4.0000 402.0000
v 198.0000 -1.0000 402.0000
v 158.0000 -1.0000 402.0000
v 158.0000 -4.0000 400.0000
v 198.0000 -4.0000 400.0000
v 198.0000 -1.0000 400.0000
v 158.0000 -1.0000 400.0000
v 156.0000 1.0000 427.0000
v 196.0000 1.0000 427.0000
v 196.0000 4.0000 427.0000
v 156.0000 4.0000 427.0000
v 156.0000 1.0000 402.0000
v 196.0000 1.0000 402.0000
v 196.0000 4.0000 402.0000
v 156.0000 4.0000 402.0000
v 158.0000 6.0000 427.0000
v 198.0000 6.0000 427.0000
v 198.0000 9.0000 427.0000
v 158.0000 9.0000 427.0000
v 158.0000 6.0000 402.0000
v 198.0000 6.0000 402.0000
v 198.0000 9.0000 402.0000
v 158.0000 9.0000 402.0000
v 158.0000 6.0000 402.0000
v 198.0000 6.0000 402.0000
v 198.0000 9.0000 402.0000
v 158.0000 9.0000 402.0000
v 158.0000 6.0000 400.0000
v 198.0000 6.0000 400.0000
v 198.0000 9.0000 400.0000
v 158.0000 9.0000 400.0000
v 156.0000 11.0000 427.0000
v 196.0000 11.0000 427.0000
v 196.0000 14.0000 427.0000
v 156.0000 14.0000 427.0000
v 156.0000 11.0000 402.0000
v 196.0000 11.0000 402.0000
v 196.0000 14.0000 402.0000
v 156.0000 14.0000 402.0000
v 158.0000 16.0000 427.0000
v 198.0000 16.0000 427.0000
v 198.0000 19.0000 427.0000
v 158.0000 19.0000 427.0000
v 158.0000 16.0000 402.0000
v 198.0000 16.0000 402.0000
v 198.0000 19.0000 402.0000
v 158.0000 19.0000 402.0000
v 158.0000 16.0000 402.0000
v 198.0000 16.0000 402.0000
v 198.0000 19.0000 402.0000
v 158.0000 19.0000 402.0000
v 158.0000 16.0000 400.0000
v 198.0000 16.0000 400.0000
v 198.0000 19.0000 400.0000
v 158.0000 19.0000 400.0000
v 156.0000 21.0000 427.0000
v 196.0000 21.0000 427.0000
v 196.0000 24.0000 427.0000
v 156.0000 24.0000 427.0000
v 156.0000 21.0000 402.0000
v 196.0000 21.0000 402.0000
v 196.0000 24.0000 402.0000
v 156.0000 24.0000 402.0000
v 158.0000 26.0000 427.0000
v 198.0000 26.0000 427.0000
v 198.0000 29.0000 427.0000
v 158.0000 29.0000 427.0000
v 158.0000 26.0000 402.0000
v 198.0000 26.0000 402.0000
v 198.0000 29.0000 402.0000
v 158.0000 29.0000 402.0000
v 158.0000 26.0000 402.0000
v 198.0000 26.0000 402.0000
v 198.0000 29.0000 402.0000
v 158.0000 29.0000 402.0000
v 158.0000 26.0000 400.0000
v 198.0000 26.0000 400.0000
v 198.0000 29.0000 400.0000
v 158.0000 29.0000 400.0000
v 156.0000 31.0000 427.0000
v 196.0000 31.0000 427.0000
v 196.0000 34.0000 427.0000
v 156.0000 34.0000 427.0000
v 156.0000 31.0000 402.0000
v 196.0000 31.0000 402.0000
v 196.0000 34.0000 402.0000
v 156.0000 34.0000 402.0000
v 158.0000 36.0000 427.0000
v 198.0000 36.0000 427.0000
v 198.0000 39.0000 427.0000
v 158.0000 39.0000 427.0000
v 158.0000 36.0000 402.0000
v 198.0000 36.0000 402.0000
v 198.0000 39.0000 402.0000
v 158.0000 39.0000 402.0000
v 158.0000 36.0000 402.0000
v 198.0000 36.0000 402.0000
v 198.0000 39.0000 402.0000
v 158.0000 39.0000 402.0000
v 158.0000 36.0000 400.0000
v 198.0000 36.0000 400.0000
v 198.0000 39.0000 400.0000
v 158.0000 39.0000 400.0000
v 156.0000 41.0000 427.0000
v 196.0000 41.0000 427.0000
v 196.0000 44.0000 427.0000
v 156.0000 44.0000 427.0000
v 156.0000 41.0000 402.0000
v 196.0000 41.0000 402.0000
v 196.0000 44.0000 402.0000
v 156.0000 44.0000 402.0000
v 158.0000 46.0000 427.0000
v 198.0000 46.0000 427.0000
v 198.0000 49.0000 427.0000
v 158.0000 49.0000 427.0000
v 158.0000 46.0000 402.0000
v 198.0000 46.0000 402.0000
v 198.0000 49.0000 402.0000
v 158.0000 49.0000 402.0000
v 158.0000 46.0000 402.0000
v 198.0000 46.0000 402.0000
v 198.0000 49.0000 402.0000
v 158.0000 49.0000 402.0000
v 158.0000 46.0000 400.0000
v 198.0000 46.0000 400.0000
v 198.0000 49.0000 400.0000
v 158.0000 49.0000 400.0000
v 156.0000 51.0000 427.0000
v 196.0000 51.0000 427.0000
v 196.0000 54.0000 427.0000
v 156.0000 54.0000 427.0000
v 156.0000 51.0000 402.0000
v 196.0000 51.0000 402.0000
v 196.0000 54.0000 402.0000
v 156.0000 54.0000 402.0000
v 158.0000 56.0000 427.0000
v 198.0000 56.0000 427.0000
v 198.0000 59.0000 427.0000
v 158.0000 59.0000 427.0000
v 158.0000 56.0000 402.0000
v 198.0000 56.0000 402.0000
v 198.0000 59.0000 402.0000
v 158.0000 59.0000 402.0000
v 158.0000 56.0000 402.0000
v 198.0000 56.0000 402.0000
v 198.0000 59.0000 402.0000
v 158.0000 59.0000 402.0000
v 158.0000 56.0000 400.0000
v 198.0000 56.0000 400.0000
v 198.0000 59.0000 400.0000
v 158.0000 59.0000 400.0000
v 156.0000 61.0000 427.0000
v 196.0000 61.0000 427.0000
v 196.0000 64.0000 427.0000
v 156.0000 64.0000 427.0000
v 156.0000 61.0000 402.0000
v 196.0000 61.0000 402.0000
v 196.0000 64.0000 402.0000
v 156.0000 64.0000 402.0000
v 158.0000 66.0000 427.0000
v 198.0000 66.0000 427.0000
v 198.0000 69.0000 427.0000
v 158.0000 69.0000 427.0000
v 158.0000 66.0000 402.0000
v 198.0000 66.0000 402.0000
v 198.0000 69.0000 402.0000
v 158.0000 69.0000 402.0000
v 158.0000 66.0000 402.0000
v 198.0000 66.0000 402.0000
v 198.0000 69.0000 402.0000
v 158.0000 69.0000 402.0000
v 158.0000 66.0000 400.0000
v 198.0000 66.0000 400.0000
v 198.0000 69.0000 400.0000
v 158.0000 69.0000 400.0000
v 156.0000 71.0000 427.0000
v 196.0000 71.0000 427.0000
v 196.0000 74.0000 427.0000
v 156.0000 74.0000 427.0000
v 156.0000 71.0000 402.0000
v 196.0000 71.0000 402.0000
v 196.0000 74.0000 402.0000
v 156.0000 74.0000 402.0000
v 158.0000 76.0000 427.0000
v 198.0000 76.0000 427.0000
v 198.0000 79.0000 427.0000
v 158.0000 79.0000 427.0000
v 158.0000 76.0000 402.0000
v 198.0000 76.0000 402.0000
v 198.0000 79.0000 402.0000
v 158.0000 79.0000 402.0000
v 158.0000 76.0000 402.0000
v 198.0000 76.0000 402.0000
v 198.0000 79.0000 402.0000
v 158.0000 79.0000 402.0000
v 158.0000 76.0000 400.0000
v 198.0000 76.0000 400.0000
v 198.0000 79.0000 400.0000
v 158.0000 79.0000 400.0000
v 156.0000 81.0000 427.0000
v 196.0000 81.0000 427.0000
v 196.0000 84.0000 427.0000
v 156.0000 84.0000 427.0000
v 156.0000 81.0000 402.0000
v 196.0000 81.0000 402.0000
v 196.0000 84.0000 402.0000
v 156.0000 84.0000 402.0000
v 158.0000 86.0000 427.0000
v 198.0000 86.0000 427.0000
v 198.0000 89.0000 427.0000
v 158.0000 89.0000 427.0000
v 158.0000 86.0000 402.0000
v 198.0000 86.0000 402.0000
v 198.0000 89.0000 402.0000
v 158.0000 89.0000 402.0000
v 158.0000 86.0000 402.0000
v 198.0000 86.0000 402.0000
v 198.0000 89.0000 402.0000
v 158.0000 89.0000 402.0000
v 158.0000 86.0000 400.0000
v 198.0000 86.0000 400.0000
v 198.0000 89.0000 400.0000
v 158.0000 89.0000 400.0000
v 156.0000 91.0000 427.0000
v 196.0000 91.0000 427.0000
v 196.0000 94.0000 427.0000
v 156.0000 94.0000 427.0000
v 156.0000 91.0000 402.0000
v 196.0000 91.0000 402.0000
v 196.0000 94.0000 402.0000
v 156.0000 94.0000 402.0000
v 158.0000 96.0000 427.0000
v 198.0000 96.0000 427.0000
v 198.0000 99.0000 427.0000
v 158.0000 99.0000 427.0000
v 158.0000 96.0000 402.0000
v 198.0000 96.0000 402.0000
v 198.0000 99.0000 402.0000
v 158.0000 99.0000 402.0000
v 158.0000 96.0000 402.0000
v 198.0000 96.0000 402.0000
v 198.0000 99.0000 402.0000
v 158.0000 99.0000 402.0000
v 158.0000 96.0000 400.0000
v 198.0000 96.0000 400.0000
v 198.0000 99.0000 400.0000
v 158.0000 99.0000 400.0000
v 156.0000 101.0000 427.0000
v 196.0000 101.0000 427.0000
v 196.0000 104.0000 427.0000
v 156.0000 104.0000 427.0000
v 156.0000 101.0000 402.0000
v 196.0000 101.0000 402.0000
v 196.0000 104.0000 402.0000
v 156.0000 104.0000 402.0000
v 158.0000 106.0000 427.0000
v 198.0000 106.0000 427.0000
v 198.0000 109.0000 427.0000
v 158.0000 109.0000 427.0000
v 158.0000 106.0000 402.0000
v 198.0000 106.0000 402.0000
v 198.0000 109.0000 402.0000
v 158.0000 109.0000 402.0000
v 158.0000 106.0000 402.0000
v 198.0000 106.0000 402.0000
v 198.0000 109.0000 402.0000
v 158.0000 109.0000 402.0000
v 158.0000 106.0000 400.0000
v 198.0000 106.0000 400.0000
v 198.0000 109.0000 400.0000
v 158.0000 109.0000 400.0000
v 156.0000 111.0000 427.0000
v 196.0000 111.0000 427.0000
v 196.0000 114.0000 427.0000
v 156.0000 114.0000 427.0000
v 156.0000 111.0000 402.0000
v 196.0000 111.0000 402.0000
v 196.0000 114.0000 402.0000
v 156.0000 114.0000 402.0000
v 158.0000 116.0000 427.0000
v 198.0000 116.0000 427.0000
v 198.0000 119.0000 427.0000
v 158.0000 119.0000 427.0000
v 158.0000 116.0000 402.0000
v 198.0000 116.0000 402.0000
v 198.0000 119.0000 402.0000
v 158.0000 119.0000 402.0000
v 158.0000 116.0000 402.0000
v 198.0000 116.0000 402.0000
v 198.0000 119.0000 402.0000
v 158.0000 119.0000 402.0000
v 158.0000 116.0000 400.0000
v 198.0000 116.0000 400.0000
v 198.0000 119.0000 400.0000
v 158.0000 119.0000 400.0000
g HANDLE
usemtl HANDLE
f 1 2 3
f 1 3 4
f 5 7 6
f 5 8 7
f 5 8 4
f 5 4 1
f 7 6 2
f 7 2 3
f 6 5 1
f 6 1 2
f 8 7 3
f 8 3 4
g DEVICE
usemtl DEVICE
f 9 10 11
f 9 11 12
f 13 15 14
f 13 16 15
f 13 16 12
f 13 12 9
f 14 13 9
f 14 9 10
f 12 11 17
f 12 17 18
f 16 19 15
f 16 20 19
f 16 20 18
f 16 18 12
f 19 15 11
f 19 11 17
f 18 17 21
f 18 21 22
f 20 23 19
f 20 24 23
f 20 24 22
f 20 22 18
f 22 21 25
f 22 25 26
f 24 27 23
f 24 28 27
f 24 28 26
f 24 26 22
f 27 23 21
f 27 21 25
f 26 25 29
f 26 29 30
f 28 31 27
f 28 32 31
f 28 32 30
f 28 30 26
f 30 29 33
f 30 33 34
f 32 35 31
f 32 36 35
f 32 36 34
f 32 34 30
f 35 31 29
f 35 29 33
f 34 33 37
f 34 37 38
f 36 39 35
f 36 40 39
f 36 40 38
f 36 38 34
f 38 37 41
f 38 41 42
f 40 43 39
f 40 44 43
f 40 44 42
f 40 42 38
f 43 39 37
f 43 37 41
f 42 41 45
f 42 45 46
f 44 47 43
f 44 48 47
f 44 48 46
f 44 46 42
f 46 45 49
f 46 49 50
f 48 51 47
f 48 52 51
f 48 52 50
f 48 50 46
f 51 47 45
f 51 45 49
f 50 49 53
f 50 53 54
f 52 55 51
f 52 56 55
f 52 56 54
f 52 54 50
f 54 53 57
f 54 57 58
f 56 59 55
f 56 60 59
f 56 60 58
f 56 58 54
f 59 55 53
f 59 53 57
f 58 57 61
f 58 61 62
f 60 63 59
f 60 64 63
f 60 64 62
f 60 62 58
f 62 61 65
f 62 65 66
f 64 67 63
f 64 68 67
f 64 68 66
f 64 66 62
f 67 63 61
f 67 61 65
f 66 65 69
f 66 69 70
f 68 71 67
f 68 72 71
f 68 72 70
f 68 70 66
f 70 69 73
f 70 73 74
f 72 75 71
f 72 76 75
f 72 76 74
f 72 74 70
f 75 71 69
f 75 69 73
f 74 73 77
f 74 77 78
f 76 79 75
f 76 80 79
f 76 80 78
f 76 78 74
f 78 77 81
f 78 81 82
f 80 83 79
f 80 84 83
f 80 84 82
f 80 82 78
f 83 79 77
f 83 77 81
f 82 81 85
f 82 85 86
f 84 87 83
f 84 88 87
f 84 88 86
f 84 86 82
f 86 85 89
f 86 89 90
f 88 91 87
f 88 92 91
f 88 92 90
f 88 90 86
f 91 87 85
f 91 85 89
f 90 89 93
f 90 93 94
f 92 95 91
f 92 96 95
f 92 96 94
f 92 94 90
f 94 93 97
f 94 97 98
f 96 99 95
f 96 100 99
f 96 100 98
f 96 98 94
f 99 95 93
f 99 93 97
f 98 97 101
f 98 101 102
f 100 103 99
f 100 104 103
f 100 104 102
f 100 102 98
f 104 103 101
f 104 101 102
f 10 105 106
f 10 106 11
f 14 108 107
f 14 15 108
f 107 14 10
f 107 10 105
f 15 108 106
f 15 106 11
f 17 109 110
f 17 110 21
f 19 112 111
f 19 23 112
f 111 19 17
f 111 17 109
f 23 112 110
f 23 110 21
f 25 113 114
f 25 114 29
f 27 116 115
f 27 31 116
f 115 27 25
f 115 25 113
f 31 116 114
f 31 114 29
f 33 117 118
f 33 118 37
f 35 120 119
f 35 39 120
f 119 35 33
f 119 33 117
f 39 120 118
f 39 118 37
f 41 121 122
f 41 122 45
f 43 124 123
f 43 47 124
f 123 43 41
f 123 41 121
f 47 124 122
f 47 122 45
f 49 125 126
f 49 126 53
f 51 128 127
f 51 55 128
f 127 51 49
f 127 49 125
f 55 128 126
f 55 126 53
f 57 129 130
f 57 130 61
f 59 132 131
f 59 63 132
f 131 59 57
f 131 57 129
f 63 132 130
f 63 130 61
f 65 133 134
f 65 134 69
f 67 136 135
f 67 71 136
f 135 67 65
f 135 65 133
f 71 136 134
f 71 134 69
f 73 137 138
f 73 138 77
f 75 140 139
f 75 79 140
f 139 75 73
f 139 73 137
f 79 140 138
f 79 138 77
f 81 141 142
f 81 142 85
f 83 144 143
f 83 87 144
f 143 83 81
f 143 81 141
f 87 144 142
f 87 142 85
f 89 145 146
f 89 146 93
f 91 148 147
f 91 95 148
f 147 91 89
f 147 89 145
f 95 148 146
f 95 146 93
f 97 149 150
f 97 150 101
f 99 152 151
f 99 103 152
f 151 99 97
f 151 97 149
f 103 152 150
f 103 150 101
f 105 153 154
f 105 154 106
f 107 156 155
f 107 108 156
f 155 107 105
f 155 105 153
f 106 154 157
f 106 157 109
f 108 158 156
f 108 111 158
f 108 111 109
f 108 109 106
f 158 156 154
f 158 154 157
f 109 157 159
f 109 159 110
f 111 160 158
f 111 112 160
f 110 159 161
f 110 161 113
f 112 162 160
f 112 115 162
f 112 115 113
f 112 113 110
f 162 160 159
f 162 159 161
f 113 161 163
f 113 163 114
f 115 164 162
f 115 116 164
f 114 163 165
f 114 165 117
f 116 166 164
f 116 119 166
f 116 119 117
f 116 117 114
f 166 164 163
f 166 163 165
f 117 165 167
f 117 167 118
f 119 168 166
f 119 120 168
f 118 167 169
f 118 169 121
f 120 170 168
f 120 123 170
f 120 123 121
f 120 121 118
f 170 168 167
f 170 167 169
f 121 169 171
f 121 171 122
f 123 172 170
f 123 124 172
f 122 171 173
f 122 173 125
f 124 174 172
f 124 127 174
f 124 127 125
f 124 125 122
f 174 172 171
f 174 171 173
f 125 173 175
f 125 175 126
f 127 176 174
f 127 128 176
f 126 175 177
f 126 177 129
f 128 178 176
f 128 131 178
f 128 131 129
f 128 129 126
f 178 176 175
f 178 175 177
f 129 177 179
f 129 179 130
f 131 180 178
f 131 132 180
f 130 179 181
f 130 181 133
f 132 182 180
f 132 135 182
f 132 135 133
f 132 133 130
f 182 180 179
f 182 179 181
f 133 181 183
f 133 183 134
f 135 184 182
f 135 136 184
f 134 183 185
f 134 185 137
f 136 186 184
f 136 139 186
f 136 139 137
f 136 137 134
f 186 184 183
f 186 183 185
f 137 185 187
f 137 187 138
f 139 188 186
f 139 140 188
f 138 187 189
f 138 189 141
f 140 190 188
f 140 143 190
f 140 143 141
f 140 141 138
f 190 188 187
f 190 187 189
f 141 189 191
f 141 191 142
f 143 192 190
f 143 144 192
f 142 191 193
f 142 193 145
f 144 194 192
f 144 147 194
f 144 147 145
f 144 145 142
f 194 192 191
f 194 191 193
f 145 193 195
f 145 195 146
f 147 196 194
f 147 148 196
f 146 195 197
f 146 197 149
f 148 198 196
f 148 151 198
f 148 151 149
f 148 149 146
f 198 196 195
f 198 195 197
f 149 197 199
f 149 199 150
f 151 200 198
f 151 152 200
f 152 200 199
f 152 199 150
f 153 201 202
f 153 202 154
f 155 204 203
f 155 156 204
f 203 155 153
f 203 153 201
f 156 204 202
f 156 202 154
f 157 205 206
f 157 206 159
f 158 208 207
f 158 160 208
f 207 158 157
f 207 157 205
f 160 208 206
f 160 206 159
f 161 209 210
f 161 210 163
f 162 212 211
f 162 164 212
f 211 162 161
f 211 161 209
f 164 212 210
f 164 210 163
f 165 213 214
f 165 214 167
f 166 216 215
f 166 168 216
f 215 166 165
f 215 165 213
f 168 216 214
f 168 214 167
f 169 217 218
f 169 218 171
f 170 220 219
f 170 172 220
f 219 170 169
f 219 169 217
f 172 220 218
f 172 218 171
f 173 221 222
f 173 222 175
f 174 224 223
f 174 176 224
f 223 174 173
f 223 173 221
f 176 224 222
f 176 222 175
f 177 225 226
f 177 226 179
f 178 228 227
f 178 180 228
f 227 178 177
f 227 177 225
f 180 228 226
f 180 226 179
f 181 229 230
f 181 230 183
f 182 232 231
f 182 184 232
f 231 182 181
f 231 181 229
f 184 232 230
f 184 230 183
f 185 233 234
f 185 234 187
f 186 236 235
f 186 188 236
f 235 186 185
f 235 185 233
f 188 236 234
f 188 234 187
f 189 237 238
f 189 238 191
f 190 240 239
f 190 192 240
f 239 190 189
f 239 189 237
f 192 240 238
f 192 238 191
f 193 241 242
f 193 242 195
f 194 244 243
f 194 196 244
f 243 194 193
f 243 193 241
f 196 244 242
f 196 242 195
f 197 245 246
f 197 246 199
f 198 248 247
f 198 200 248
f 247 198 197
f 247 197 245
f 200 248 246
f 200 246 199
f 201 249 250
f 201 250 202
f 203 252 251
f 203 204 252
f 251 203 201
f 251 201 249
f 202 250 253
f 202 253 205
f 204 254 252
f 204 207 254
f 204 207 205
f 204 205 202
f 254 252 250
f 254 250 253
f 205 253 255
f 205 255 206
f 207 256 254
f 207 208 256
f 206 255 257
f 206 257 209
f 208 258 256
f 208 211 258
f 208 211 209
f 208 209 206
f 258 256 255
f 258 255 257
f 209 257 259
f 209 259 210
f 211 260 258
f 211 212 260
f 210 259 261
f 210 261 213
f 212 262 260
f 212 215 262
f 212 215 213
f 212 213 210
f 262 260 259
f 262 259 261
f 213 261 263
f 213 263 214
f 215 264 262
f 215 216 264
f 214 263 265
f 214 265 217
f 216 266 264
f 216 219 266
f 216 219 217
f 216 217 214
f 266 264 263
f 266 263 265
f 217 265 267
f 217 267 218
f 219 268 266
f 219 220 268
f 218 267 269
f 218 269 221
f 220 270 268
f 220 223 270
f 220 223 221
f 220 221 218
f 270 268 267
f 270 267 269
f 221 269 271
f 221 271 222
f 223 272 270
f 223 224 272
f 222 271 273
f 222 273 225
f 224 274 272
f 224 227 274
f 224 227 225
f 224 225 222
f 274 272 271
f 274 271 273
f 225 273 275
f 225 275 226
f 227 276 274
f 227 228 276
f 226 275 277
f 226 277 229
f 228 278 276
f 228 231 278
f 228 231 229
f 228 229 226
f 278 276 275
f 278 275 277
f 229 277 279
f 229 279 230
f 231 280 278
f 231 232 280
f 230 279 281
f 230 281 233
f 232 282 280
f 232 235 282
f 232 235 233
f 232 233 230
f 282 280 279
f 282 279 281
f 233 281 283
f 233 283 234
f 235 284 282
f 235 236 284
f 234 283 285
f 234 285 237
f 236 286 284
f 236 239 286
f 236 239 237
f 236 237 234
f 286 284 283
f 286 283 285
f 237 285 287
f 237 287 238
f 239 288 286
f 239 240 288
f 238 287 289
f 238 289 241
f 240 290 288
f 240 243 290
f 240 243 241
f 240 241 238
f 290 288 287
f 290 287 289
f 241 289 291
f 241 291 242
f 243 292 290
f 243 244 292
f 242 291 293
f 242 293 245
f 244 294 292
f 244 247 294
f 244 247 245
f 244 245 242
f 294 292 291
f 294 291 293
f 245 293 295
f 245 295 246
f 247 296 294
f 247 248 296
f 248 296 295
f 248 295 246
f 249 297 298
f 249 298 250
f 251 300 299
f 251 252 300
f 299 251 249
f 299 249 297
f 252 300 298
f 252 298 250
f 253 301 302
f 253 302 255
f 254 304 303
f 254 256 304
f 303 254 253
f 303 253 301
f 256 304 302
f 256 302 255
f 257 305 306
f 257 306 259
f 258 308 307
f 258 260 308
f 307 258 257
f 307 257 305
f 260 308 306
f 260 306 259
f 261 309 310
f 261 310 263
f 262 312 311
f 262 264 312
f 311 262 261
f 311 261 309
f 264 312 310
f 264 310 263
f 265 313 314
f 265 314 267
f 266 316 315
f 266 268 316
f 315 266 265
f 315 265 313
f 268 316 314
f 268 314 267
f 269 317 318
f 269 318 271
f 270 320 319
f 270 272 320
f 319 270 269
f 319 269 317
f 272 320 318
f 272 318 271
f 273 321 322
f 273 322 275
f 274 324 323
f 274 276 324
f 323 274 273
f 323 273 321
f 276 324 322
f 276 322 275
f 277 325 326
f 277 326 279
f 278 328 327
f 278 280 328
f 327 278 277
f 327 277 325
f 280 328 326
f 280 326 279
f 281 329 330
f 281 330 283
f 282 332 331
f 282 284 332
f 331 282 281
f 331 281 329
f 284 332 330
f 284 330 283
f 285 333 334
f 285 334 287
f 286 336 335
f 286 288 336
f 335 286 285
f 335 285 333
f 288 336 334
f 288 334 287
f 289 337 338
f 289 338 291
f 290 340 339
f 290 292 340
f 339 290 289
f 339 289 337
f 292 340 338
f 292 338 291
f 293 341 342
f 293 342 295
f 294 344 343
f 294 296 344
f 343 294 293
f 343 293 341
f 296 344 342
f 296 342 295
f 297 345 346
f 297 346 298
f 299 348 347
f 299 300 348
f 347 299 297
f 347 297 345
f 298 346 349
f 298 349 301
f 300 350 348
f 300 303 350
f 300 303 301
f 300 301 298
f 350 348 346
f 350 346 349
f 301 349 351
f 301 351 302
f 303 352 350
f 303 304 352
f 302 351 353
f 302 353 305
f 304 354 352
f 304 307 354
f 304 307 305
f 304 305 302
f 354 352 351
f 354 351 353
f 305 353 355
f 305 355 306
f 307 356 354
f 307 308 356
f 306 355 357
f 306 357 309
f 308 358 356
f 308 311 358
f 308 311 309
f 308 309 306
f 358 356 355
f 358 355 357
f 309 357 359
f 309 359 310
f 311 360 358
f 311 312 360
f 310 359 361
f 310 361 313
f 312 362 360
f 312 315 362
f 312 315 313
f 312 313 310
f 362 360 359
f 362 359 361
f 313 361 363
f 313 363 314
f 315 364 362
f 315 316 364
f 314 363 365
f 314 365 317
f 316 366 364
f 316 319 366
f 316 319 317
f 316 317 314
f 366 364 363
f 366 363 365
f 317 365 367
f 317 367 318
f 319 368 366
f 319 320 368
f 318 367 369
f 318 369 321
f 320 370 368
f 320 323 370
f 320 323 321
f 320 321 318
f 370 368 367
f 370 367 369
f 321 369 371
f 321 371 322
f 323 372 370
f 323 324 372
f 322 371 373
f 322 373 325
f 324 374 372
f 324 327 374
f 324 327 325
f 324 325 322
f 374 372 371
f 374 371 373
f 325 373 375
f 325 375 326
f 327 376 374
f 327 328 376
f 326 375 377
f 326 377 329
f 328 378 376
f 328 331 378
f 328 331 329
f 328 329 326
f 378 376 375
f 378 375 377
f 329 377 379
f 329 379 330
f 331 380 378
f 331 332 380
f 330 379 381
f 330 381 333
f 332 382 380
f 332 335 382
f 332 335 333
f 332 333 330
f 382 380 379
f 382 379 381
f 333 381 383
f 333 383 334
f 335 384 382
f 335 336 384
f 334 383 385
f 334 385 337
f 336 386 384
f 336 339 386
f 336 339 337
f 336 337 334
f 386 384 383
f 386 383 385
f 337 385 387
f 337 387 338
f 339 388 386
f 339 340 388
f 338 387 389
f 338 389 341
f 340 390 388
f 340 343 390
f 340 343 341
f 340 341 338
f 390 388 387
f 390 387 389
f 341 389 391
f 341 391 342
f 343 392 390
f 343 344 392
f 344 392 391
f 344 391 342
f 345 393 394
f 345 394 346
f 347 396 395
f 347 348 396
f 395 347 345
f 395 345 393
f 348 396 394
f 348 394 346
f 349 397 398
f 349 398 351
f 350 400 399
f 350 352 400
f 399 350 349
f 399 349 397
f 352 400 398
f 352 398 351
f 353 401 402
f 353 402 355
f 354 404 403
f 354 356 404
f 403 354 353
f 403 353 401
f 356 404 402
f 356 402 355
f 357 405 406
f 357 406 359
f 358 408 407
f 358 360 408
f 407 358 357
f 407 357 405
f 360 408 406
f 360 406 359
f 361 409 410
f 361 410 363
f 362 412 411
f 362 364 412
f 411 362 361
f 411 361 409
f 364 412 410
f 364 410 363
f 365 413 414
f 365 414 367
f 366 416 415
f 366 368 416
f 415 366 365
f 415 365 413
f 368 416 414
f 368 414 367
f 369 417 418
f 369 418 371
f 370 420 419
f 370 372 420
f 419 370 369
f 419 369 417
f 372 420 418
f 372 418 371
f 373 421 422
f 373 422 375
f 374 424 423
f 374 376 424
f 423 374 373
f 423 373 421
f 376 424 422
f 376 422 375
f 377 425 426
f 377 426 379
f 378 428 427
f 378 380 428
f 427 378 377
f 427 377 425
f 380 428 426
f 380 426 379
f 381 429 430
f 381 430 383
f 382 432 431
f 382 384 432
f 431 382 381
f 431 381 429
f 384 432 430
f 384 430 383
f 385 433 434
f 385 434 387
f 386 436 435
f 386 388 436
f 435 386 385
f 435 385 433
f 388 436 434
f 388 434 387
f 389 437 438
f 389 438 391
f 390 440 439
f 390 392 440
f 439 390 389
f 439 389 437
f 392 440 438
f 392 438 391
f 393 441 442
f 393 442 394
f 395 444 443
f 395 396 444
f 443 395 393
f 443 393 441
f 394 442 445
f 394 445 397
f 396 446 444
f 396 399 446
f 396 399 397
f 396 397 394
f 446 444 442
f 446 442 445
f 397 445 447
f 397 447 398
f 399 448 446
f 399 400 448
f 398 447 449
f 398 449 401
f 400 450 448
f 400 403 450
f 400 403 401
f 400 401 398
f 450 448 447
f 450 447 449
f 401 449 451
f 401 451 402
f 403 452 450
f 403 404 452
f 402 451 453
f 402 453 405
f 404 454 452
f 404 407 454
f 404 407 405
f 404 405 402
f 454 452 451
f 454 451 453
f 405 453 455
f 405 455 406
f 407 456 454
f 407 408 456
f 406 455 457
f 406 457 409
f 408 458 456
f 408 411 458
f 408 411 409
f 408 409 406
f 458 456 455
f 458 455 457
f 409 457 459
f 409 459 410
f 411 460 458
f 411 412 460
f 410 459 461
f 410 461 413
f 412 462 460
f 412 415 462
f 412 415 413
f 412 413 410
f 462 460 459
f 462 459 461
f 413 461 463
f 413 463 414
f 415 464 462
f 415 416 464
f 414 463 465
f 414 465 417
f 416 466 464
f 416 419 466
f 416 419 417
f 416 417 414
f 466 464 463
f 466 463 465
f 417 465 467
f 417 467 418
f 419 468 466
f 419 420 468
f 418 467 469
f 418 469 421
f 420 470 468
f 420 423 470
f 420 423 421
f 420 421 418
f 470 468 467
f 470 467 469
f 421 469 471
f 421 471 422
f 423 472 470
f 423 424 472
f 422 471 473
f 422 473 425
f 424 474 472
f 424 427 474
f 424 427 425
f 424 425 422
f 474 472 471
f 474 471 473
f 425 473 475
f 425 475 426
f 427 476 474
f 427 428 476
f 426 475 477
f 426 477 429
f 428 478 476
f 428 431 478
f 428 431 429
f 428 429 426
f 478 476 475
f 478 475 477
f 429 477 479
f 429 479 430
f 431 480 478
f 431 432 480
f 430 479 481
f 430 481 433
f 432 482 480
f 432 435 482
f 432 435 433
f 432 433 430
f 482 480 479
f 482 479 481
f 433 481 483
f 433 483 434
f 435 484 482
f 435 436 484
f 434 483 485
f 434 485 437
f 436 486 484
f 436 439 486
f 436 439 437
f 436 437 434
f 486 484 483
f 486 483 485
f 437 485 487
f 437 487 438
f 439 488 486
f 439 440 488
f 440 488 487
f 440 487 438
f 441 489 490
f 441 490 442
f 443 492 491
f 443 444 492
f 491 443 441
f 491 441 489
f 444 492 490
f 444 490 442
f 445 493 494
f 445 494 447
f 446 496 495
f 446 448 496
f 495 446 445
f 495 445 493
f 448 496 494
f 448 494 447
f 449 497 498
f 449 498 451
f 450 500 499
f 450 452 500
f 499 450 449
f 499 449 497
f 452 500 498
f 452 498 451
f 453 501 502
f 453 502 455
f 454 504 503
f 454 456 504
f 503 454 453
f 503 453 501
f 456 504 502
f 456 502 455
f 457 505 506
f 457 506 459
f 458 508 507
f 458 460 508
f 507 458 457
f 507 457 505
f 460 508 506
f 460 506 459
f 461 509 510
f 461 510 463
f 462 512 511
f 462 464 512
f 511 462 461
f 511 461 509
f 464 512 510
f 464 510 463
f 465 513 514
f 465 514 467
f 466 516 515
f 466 468 516
f 515 466 465
f 515 465 513
f 468 516 514
f 468 514 467
f 469 517 518
f 469 518 471
f 470 520 519
f 470 472 520
f 519 470 469
f 519 469 517
f 472 520 518
f 472 518 471
f 473 521 522
f 473 522 475
f 474 524 523
f 474 476 524
f 523 474 473
f 523 473 521
f 476 524 522
f 476 522 475
f 477 525 526
f 477 526 479
f 478 528 527
f 478 480 528
f 527 478 477
f 527 477 525
f 480 528 526
f 480 526 479
f 481 529 530
f 481 530 483
f 482 532 531
f 482 484 532
f 531 482 481
f 531 481 529
f 484 532 530
f 484 530 483
f 485 533 534
f 485 534 487
f 486 536 535
f 486 488 536
f 535 486 485
f 535 485 533
f 488 536 534
f 488 534 487
f 489 537 538
f 489 538 490
f 491 540 539
f 491 492 540
f 539 491 489
f 539 489 537
f 490 538 541
f 490 541 493
f 492 542 540
f 492 495 542
f 492 495 493
f 492 493 490
f 542 540 538
f 542 538 541
f 493 541 543
f 493 543 494
f 495 544 542
f 495 496 544
f 494 543 545
f 494 545 497
f 496 546 544
f 496 499 546
f 496 499 497
f 496 497 494
f 546 544 543
f 546 543 545
f 497 545 547
f 497 547 498
f 499 548 546
f 499 500 548
f 498 547 549
f 498 549 501
f 500 550 548
f 500 503 550
f 500 503 501
f 500 501 498
f 550 548 547
f 550 547 549
f 501 549 551
f 501 551 502
f 503 552 550
f 503 504 552
f 502 551 553
f 502 553 505
f 504 554 552
f 504 507 554
f 504 507 505
f 504 505 502
f 554 552 551
f 554 551 553
f 505 553 555
f 505 555 506
f 507 556 554
f 507 508 556
f 506 555 557
f 506 557 509
f 508 558 556
f 508 511 558
f 508 511 509
f 508 509 506
f 558 556 555
f 558 555 557
f 509 557 559
f 509 559 510
f 511 560 558
f 511 512 560
f 510 559 561
f 510 561 513
f 512 562 560
f 512 515 562
f 512 515 513
f 512 513 510
f 562 560 559
f 562 559 561
f 513 561 563
f 513 563 514
f 515 564 562
f 515 516 564
f 514 563 565
f 514 565 517
f 516 566 564
f 516 519 566
f 516 519 517
f 516 517 514
f 566 564 563
f 566 563 565
f 517 565 567
f 517 567 518
f 519 568 566
f 519 520 568
f 518 567 569
f 518 569 521
f 520 570 568
f 520 523 570
f 520 523 521
f 520 521 518
f 570 568 567
f 570 567 569
f 521 569 571
f 521 571 522
f 523 572 570
f 523 524 572
f 522 571 573
f 522 573 525
f 524 574 572
f 524 527 574
f 524 527 525
f 524 525 522
f 574 572 571
f 574 571 573
f 525 573 575
f 525 575 526
f 527 576 574
f 527 528 576
f 526 575 577
f 526 577 529
f 528 578 576
f 528 531 578
f 528 531 529
f 528 529 526
f 578 576 575
f 578 575 577
f 529 577 579
f 529 579 530
f 531 580 578
f 531 532 580
f 530 579 581
f 530 581 533
f 532 582 580
f 532 535 582
f 532 535 533
f 532 533 530
f 582 580 579
f 582 579 581
f 533 581 583
f 533 583 534
f 535 584 582
f 535 536 584
f 536 584 583
f 536 583 534
f 537 585 586
f 537 586 538
f 539 588 587
f 539 540 588
f 587 539 537
f 587 537 585
f 540 588 586
f 540 586 538
f 541 589 590
f 541 590 543
f 542 592 591
f 542 544 592
f 591 542 541
f 591 541 589
f 544 592 590
f 544 590 543
f 545 593 594
f 545 594 547
f 546 596 595
f 546 548 596
f 595 546 545
f 595 545 593
f 548 596 594
f 548 594 547
f 549 597 598
f 549 598 551
f 550 600 599
f 550 552 600
f 599 550 549
f 599 549 597
f 552 600 598
f 552 598 551
f 553 601 602
f 553 602 555
f 554 604 603
f 554 556 604
f 603 554 553
f 603 553 601
f 556 604 602
f 556 602 555
f 557 605 606
f 557 606 559
f 558 608 607
f 558 560 608
f 607 558 557
f 607 557 605
f 560 608 606
f 560 606 559
f 561 609 610
f 561 610 563
f 562 612 611
f 562 564 612
f 611 562 561
f 611 561 609
f 564 612 610
f 564 610 563
f 565 613 614
f 565 614 567
f 566 616 615
f 566 568 616
f 615 566 565
f 615 565 613
f 568 616 614
f 568 614 567
f 569 617 618
f 569 618 571
f 570 620 619
f 570 572 620
f 619 570 569
f 619 569 617
f 572 620 618
f 572 618 571
f 573 621 622
f 573 622 575
f 574 624 623
f 574 576 624
f 623 574 573
f 623 573 621
f 576 624 622
f 576 622 575
f 577 625 626
f 577 626 579
f 578 628 627
f 578 580 628
f 627 578 577
f 627 577 625
f 580 628 626
f 580 626 579
f 581 629 630
f 581 630 583
f 582 632 631
f 582 584 632
f 631 582 581
f 631 581 629
f 584 632 630
f 584 630 583
f 585 633 634
f 585 634 586
f 587 636 635
f 587 588 636
f 635 587 585
f 635 585 633
f 586 634 637
f 586 637 589
f 588 638 636
f 588 591 638
f 588 591 589
f 588 589 586
f 638 636 634
f 638 634 637
f 589 637 639
f 589 639 590
f 591 640 638
f 591 592 640
f 590 639 641
f 590 641 593
f 592 642 640
f 592 595 642
f 592 595 593
f 592 593 590
f 642 640 639
f 642 639 641
f 593 641 643
f 593 643 594
f 595 644 642
f 595 596 644
f 594 643 645
f 594 645 597
f 596 646 644
f 596 599 646
f 596 599 597
f 596 597 594
f 646 644 643
f 646 643 645
f 597 645 647
f 597 647 598
f 599 648 646
f 599 600 648
f 598 647 649
f 598 649 601
f 600 650 648
f 600 603 650
f 600 603 601
f 600 601 598
f 650 648 647
f 650 647 649
f 601 649 651
f 601 651 602
f 603 652 650
f 603 604 652
f 602 651 653
f 602 653 605
f 604 654 652
f 604 607 654
f 604 607 605
f 604 605 602
f 654 652 651
f 654 651 653
f 605 653 655
f 605 655 606
f 607 656 654
f 607 608 656
f 606 655 657
f 606 657 609
f 608 658 656
f 608 611 658
f 608 611 609
f 608 609 606
f 658 656 655
f 658 655 657
f 609 657 659
f 609 659 610
f 611 660 658
f 611 612 660
f 610 659 661
f 610 661 613
f 612 662 660
f 612 615 662
f 612 615 613
f 612 613 610
f 662 660 659
f 662 659 661
f 613 661 663
f 613 663 614
f 615 664 662
f 615 616 664
f 614 663 665
f 614 665 617
f 616 666 664
f 616 619 666
f 616 619 617
f 616 617 614
f 666 664 663
f 666 663 665
f 617 665 667
f 617 667 618
f 619 668 666
f 619 620 668
f 618 667 669
f 618 669 621
f 620 670 668
f 620 623 670
f 620 623 621
f 620 621 618
f 670 668 667
f 670 667 669
f 621 669 671
f 621 671 622
f 623 672 670
f 623 624 672
f 622 671 673
f 622 673 625
f 624 674 672
f 624 627 674
f 624 627 625
f 624 625 622
f 674 672 671
f 674 671 673
f 625 673 675
f 625 675 626
f 627 676 674
f 627 628 676
f 626 675 677
f 626 677 629
f 628 678 676
f 628 631 678
f 628 631 629
f 628 629 626
f 678 676 675
f 678 675 677
f 629 677 679
f 629 679 630
f 631 680 678
f 631 632 680
f 632 680 679
f 632 679 630
f 633 681 682
f 633 682 634
f 635 684 683
f 635 636 684
f 683 635 633
f 683 633 681
f 636 684 682
f 636 682 634
f 637 685 686
f 637 686 639
f 638 688 687
f 638 640 688
f 687 638 637
f 687 637 685
f 640 688 686
f 640 686 639
f 641 689 690
f 641 690 643
f 642 692 691
f 642 644 692
f 691 642 641
f 691 641 689
f 644 692 690
f 644 690 643
f 645 693 694
f 645 694 647
f 646 696 695
f 646 648 696
f 695 646 645
f 695 645 693
f 648 696 694
f 648 694 647
f 649 697 698
f 649 698 651
f 650 700 699
f 650 652 700
f 699 650 649
f 699 649 697
f 652 700 698
f 652 698 651
f 653 701 702
f 653 702 655
f 654 704 703
f 654 656 704
f 703 654 653
f 703 653 701
f 656 704 702
f 656 702 655
f 657 705 706
f 657 706 659
f 658 708 707
f 658 660 708
f 707 658 657
f 707 657 705
f 660 708 706
f 660 706 659
f 661 709 710
f 661 710 663
f 662 712 711
f 662 664 712
f 711 662 661
f 711 661 709
f 664 712 710
f 664 710 663
f 665 713 714
f 665 714 667
f 666 716 715
f 666 668 716
f 715 666 665
f 715 665 713
f 668 716 714
f 668 714 667
f 669 717 718
f 669 718 671
f 670 720 719
f 670 672 720
f 719 670 669
f 719 669 717
f 672 720 718
f 672 718 671
f 673 721 722
f 673 722 675
f 674 724 723
f 674 676 724
f 723 674 673
f 723 673 721
f 676 724 722
f 676 722 675
f 677 725 726
f 677 726 679
f 678 728 727
f 678 680 728
f 727 678 677
f 727 677 725
f 680 728 726
f 680 726 679
f 681 729 730
f 681 730 682
f 683 732 731
f 683 684 732
f 731 683 681
f 731 681 729
f 682 730 733
f 682 733 685
f 684 734 732
f 684 687 734
f 684 687 685
f 684 685 682
f 734 732 730
f 734 730 733
f 685 733 735
f 685 735 686
f 687 736 734
f 687 688 736
f 686 735 737
f 686 737 689
f 688 738 736
f 688 691 738
f 688 691 689
f 688 689 686
f 738 736 735
f 738 735 737
f 689 737 739
f 689 739 690
f 691 740 738
f 691 692 740
f 690 739 741
f 690 741 693
f 692 742 740
f 692 695 742
f 692 695 693
f 692 693 690
f 742 740 739
f 742 739 741
f 693 741 743
f 693 743 694
f 695 744 742
f 695 696 744
f 694 743 745
f 694 745 697
f 696 746 744
f 696 699 746
f 696 699 697
f 696 697 694
f 746 744 743
f 746 743 745
f 697 745 747
f 697 747 698
f 699 748 746
f 699 700 748
f 698 747 749
f 698 749 701
f 700 750 748
f 700 703 750
f 700 703 701
f 700 701 698
f 750 748 747
f 750 747 749
f 701 749 751
f 701 751 702
f 703 752 750
f 703 704 752
f 702 751 753
f 702 753 705
f 704 754 752
f 704 707 754
f 704 707 705
f 704 705 702
f 754 752 751
f 754 751 753
f 705 753 755
f 705 755 706
f 707 756 754
f 707 708 756
f 706 755 757
f 706 757 709
f 708 758 756
f 708 711 758
f 708 711 709
f 708 709 706
f 758 756 755
f 758 755 757
f 709 757 759
f 709 759 710
f 711 760 758
f 711 712 760
f 710 759 761
f 710 761 713
f 712 762 760
f 712 715 762
f 712 715 713
f 712 713 710
f 762 760 759
f 762 759 761
f 713 761 763
f 713 763 714
f 715 764 762
f 715 716 764
f 714 763 765
f 714 765 717
f 716 766 764
f 716 719 766
f 716 719 717
f 716 717 714
f 766 764 763
f 766 763 765
f 717 765 767
f 717 767 718
f 719 768 766
f 719 720 768
f 718 767 769
f 718 769 721
f 720 770 768
f 720 723 770
f 720 723 721
f 720 721 718
f 770 768 767
f 770 767 769
f 721 769 771
f 721 771 722
f 723 772 770
f 723 724 772
f 722 771 773
f 722 773 725
f 724 774 772
f 724 727 774
f 724 727 725
f 724 725 722
f 774 772 771
f 774 771 773
f 725 773 775
f 725 775 726
f 727 776 774
f 727 728 776
f 728 776 775
f 728 775 726
f 729 777 778
f 729 778 730
f 731 780 779
f 731 732 780
f 779 731 729
f 779 729 777
f 732 780 778
f 732 778 730
f 733 781 782
f 733 782 735
f 734 784 783
f 734 736 784
f 783 734 733
f 783 733 781
f 736 784 782
f 736 782 735
f 737 785 786
f 737 786 739
f 738 788 787
f 738 740 788
f 787 738 737
f 787 737 785
f 740 788 786
f 740 786 739
f 741 789 790
f 741 790 743
f 742 792 791
f 742 744 792
f 791 742 741
f 791 741 789
f 744 792 790
f 744 790 743
f 745 793 794
f 745 794 747
f 746 796 795
f 746 748 796
f 795 746 745
f 795 745 793
f 748 796 794
f 748 794 747
f 749 797 798
f 749 798 751
f 750 800 799
f 750 752 800
f 799 750 749
f 799 749 797
f 752 800 798
f 752 798 751
f 753 801 802
f 753 802 755
f 754 804 803
f 754 756 804
f 803 754 753
f 803 753 801
f 756 804 802
f 756 802 755
f 757 805 806
f 757 806 759
f 758 808 807
f 758 760 808
f 807 758 757
f 807 757 805
f 760 808 806
f 760 806 759
f 761 809 810
f 761 810 763
f 762 812 811
f 762 764 812
f 811 762 761
f 811 761 809
f 764 812 810
f 764 810 763
f 765 813 814
f 765 814 767
f 766 816 815
f 766 768 816
f 815 766 765
f 815 765 813
f 768 816 814
f 768 814 767
f 769 817 818
f 769 818 771
f 770 820 819
f 770 772 820
f 819 770 769
f 819 769 817
f 772 820 818
f 772 818 771
f 773 821 822
f 773 822 775
f 774 824 823
f 774 776 824
f 823 774 773
f 823 773 821
f 776 824 822
f 776 822 775
f 777 825 826
f 777 826 778
f 779 828 827
f 779 780 828
f 827 779 777
f 827 777 825
f 778 826 829
f 778 829 781
f 780 830 828
f 780 783 830
f 780 783 781
f 780 781 778
f 830 828 826
f 830 826 829
f 781 829 831
f 781 831 782
f 783 832 830
f 783 784 832
f 782 831 833
f 782 833 785
f 784 834 832
f 784 787 834
f 784 787 785
f 784 785 782
f 834 832 831
f 834 831 833
f 785 833 835
f 785 835 786
f 787 836 834
f 787 788 836
f 786 835 837
f 786 837 789
f 788 838 836
f 788 791 838
f 788 791 789
f 788 789 786
f 838 836 835
f 838 835 837
f 789 837 839
f 789 839 790
f 791 840 838
f 791 792 840
f 790 839 841
f 790 841 793
f 792 842 840
f 792 795 842
f 792 795 793
f 792 793 790
f 842 840 839
f 842 839 841
f 793 841 843
f 793 843 794
f 795 844 842
f 795 796 844
f 794 843 845
f 794 845 797
f 796 846 844
f 796 799 846
f 796 799 797
f 796 797 794
f 846 844 843
f 846 843 845
f 797 845 847
f 797 847 798
f 799 848 846
f 799 800 848
f 798 847 849
f 798 849 801
f 800 850 848
f 800 803 850
f 800 803 801
f 800 801 798
f 850 848 847
f 850 847 849
f 801 849 851
f 801 851 802
f 803 852 850
f 803 804 852
f 802 851 853
f 802 853 805
f 804 854 852
f 804 807 854
f 804 807 805
f 804 805 802
f 854 852 851
f 854 851 853
f 805 853 855
f 805 855 806
f 807 856 854
f 807 808 856
f 806 855 857
f 806 857 809
f 808 858 856
f 808 811 858
f 808 811 809
f 808 809 806
f 858 856 855
f 858 855 857
f 809 857 859
f 809 859 810
f 811 860 858
f 811 812 860
f 810 859 861
f 810 861 813
f 812 862 860
f 812 815 862
f 812 815 813
f 812 813 810
f 862 860 859
f 862 859 861
f 813 861 863
f 813 863 814
f 815 864 862
f 815 816 864
f 814 863 865
f 814 865 817
f 816 866 864
f 816 819 866
f 816 819 817
f 816 817 814
f 866 864 863
f 866 863 865
f 817 865 867
f 817 867 818
f 819 868 866
f 819 820 868
f 818 867 869
f 818 869 821
f 820 870 868
f 820 823 870
f 820 823 821
f 820 821 818
f 870 868 867
f 870 867 869
f 821 869 871
f 821 871 822
f 823 872 870
f 823 824 872
f 824 872 871
f 824 871 822
f 825 873 874
f 825 874 826
f 827 876 875
f 827 828 876
f 875 827 825
f 875 825 873
f 828 876 874
f 828 874 826
f 829 877 878
f 829 878 831
f 830 880 879
f 830 832 880
f 879 830 829
f 879 829 877
f 832 880 878
f 832 878 831
f 833 881 882
f 833 882 835
f 834 884 883
f 834 836 884
f 883 834 833
f 883 833 881
f 836 884 882
f 836 882 835
f 837 885 886
f 837 886 839
f 838 888 887
f 838 840 888
f 887 838 837
f 887 837 885
f 840 888 886
f 840 886 839
f 841 889 890
f 841 890 843
f 842 892 891
f 842 844 892
f 891 842 841
f 891 841 889
f 844 892 890
f 844 890 843
f 845 893 894
f 845 894 847
f 846 896 895
f 846 848 896
f 895 846 845
f 895 845 893
f 848 896 894
f 848 894 847
f 849 897 898
f 849 898 851
f 850 900 899
f 850 852 900
f 899 850 849
f 899 849 897
f 852 900 898
f 852 898 851
f 853 901 902
f 853 902 855
f 854 904 903
f 854 856 904
f 903 854 853
f 903 853 901
f 856 904 902
f 856 902 855
f 857 905 906
f 857 906 859
f 858 908 907
f 858 860 908
f 907 858 857
f 907 857 905
f 860 908 906
f 860 906 859
f 861 909 910
f 861 910 863
f 862 912 911
f 862 864 912
f 911 862 861
f 911 861 909
f 864 912 910
f 864 910 863
f 865 913 914
f 865 914 867
f 866 916 915
f 866 868 916
f 915 866 865
f 915 865 913
f 868 916 914
f 868 914 867
f 869 917 918
f 869 918 871
f 870 920 919
f 870 872 920
f 919 870 869
f 919 869 917
f 872 920 918
f 872 918 871
f 873 921 922
f 873 922 874
f 875 924 923
f 875 876 924
f 923 875 873
f 923 873 921
f 874 922 925
f 874 925 877
f 876 926 924
f 876 879 926
f 876 879 877
f 876 877 874
f 926 924 922
f 926 922 925
f 877 925 927
f 877 927 878
f 879 928 926
f 879 880 928
f 878 927 929
f 878 929 881
f 880 930 928
f 880 883 930
f 880 883 881
f 880 881 878
f 930 928 927
f 930 927 929
f 881 929 931
f 881 931 882
f 883 932 930
f 883 884 932
f 882 931 933
f 882 933 885
f 884 934 932
f 884 887 934
f 884 887 885
f 884 885 882
f 934 932 931
f 934 931 933
f 885 933 935
f 885 935 886
f 887 936 934
f 887 888 936
f 886 935 937
f 886 937 889
f 888 938 936
f 888 891 938
f 888 891 889
f 888 889 886
f 938 936 935
f 938 935 937
f 889 937 939
f 889 939 890
f 891 940 938
f 891 892 940
f 890 939 941
f 890 941 893
f 892 942 940
f 892 895 942
f 892 895 893
f 892 893 890
f 942 940 939
f 942 939 941
f 893 941 943
f 893 943 894
f 895 944 942
f 895 896 944
f 894 943 945
f 894 945 897
f 896 946 944
f 896 899 946
f 896 899 897
f 896 897 894
f 946 944 943
f 946 943 945
f 897 945 947
f 897 947 898
f 899 948 946
f 899 900 948
f 898 947 949
f 898 949 901
f 900 950 948
f 900 903 950
f 900 903 901
f 900 901 898
f 950 948 947
f 950 947 949
f 901 949 951
f 901 951 902
f 903 952 950
f 903 904 952
f 902 951 953
f 902 953 905
f 904 954 952
f 904 907 954
f 904 907 905
f 904 905 902
f 954 952 951
f 954 951 953
f 905 953 955
f 905 955 906
f 907 956 954
f 907 908 956
f 906 955 957
f 906 957 909
f 908 958 956
f 908 911 958
f 908 911 909
f 908 909 906
f 958 956 955
f 958 955 957
f 909 957 959
f 909 959 910
f 911 960 958
f 911 912 960
f 910 959 961
f 910 961 913
f 912 962 960
f 912 915 962
f 912 915 913
f 912 913 910
f 962 960 959
f 962 959 961
f 913 961 963
f 913 963 914
f 915 964 962
f 915 916 964
f 914 963 965
f 914 965 917
f 916 966 964
f 916 919 966
f 916 919 917
f 916 917 914
f 966 964 963
f 966 963 965
f 917 965 967
f 917 967 918
f 919 968 966
f 919 920 968
f 920 968 967
f 920 967 918
f 921 969 970
f 921 970 922
f 923 972 971
f 923 924 972
f 971 923 921
f 971 921 969
f 924 972 970
f 924 970 922
f 925 973 974
f 925 974 927
f 926 976 975
f 926 928 976
f 975 926 925
f 975 925 973
f 928 976 974
f 928 974 927
f 929 977 978
f 929 978 931
f 930 980 979
f 930 932 980
f 979 930 929
f 979 929 977
f 932 980 978
f 932 978 931
f 933 981 982
f 933 982 935
f 934 984 983
f 934 936 984
f 983 934 933
f 983 933 981
f 936 984 982
f 936 982 935
f 937 985 986
f 937 986 939
f 938 988 987
f 938 940 988
f 987 938 937
f 987 937 985
f 940 988 986
f 940 986 939
f 941 989 990
f 941 990 943
f 942 992 991
f 942 944 992
f 991 942 941
f 991 941 989
f 944 992 990
f 944 990 943
f 945 993 994
f 945 994 947
f 946 996 995
f 946 948 996
f 995 946 945
f 995 945 993
f 948 996 994
f 948 994 947
f 949 997 998
f 949 998 951
f 950 1000 999
f 950 952 1000
f 999 950 949
f 999 949 997
f 952 1000 998
f 952 998 951
f 953 1001 1002
f 953 1002 955
f 954 1004 1003
f 954 956 1004
f 1003 954 953
f 1003 953 1001
f 956 1004 1002
f 956 1002 955
f 957 1005 1006
f 957 1006 959
f 958 1008 1007
f 958 960 1008
f 1007 958 957
f 1007 957 1005
f 960 1008 1006
f 960 1006 959
f 961 1009 1010
f 961 1010 963
f 962 1012 1011
f 962 964 1012
f 1011 962 961
f 1011 961 1009
f 964 1012 1010
f 964 1010 963
f 965 1013 1014
f 965 1014 967
f 966 1016 1015
f 966 968 1016
f 1015 966 965
f 1015 965 1013
f 968 1016 1014
f 968 1014 967
f 969 1017 1018
f 969 1018 970
f 971 1020 1019
f 971 972 1020
f 1019 971 969
f 1019 969 1017
f 970 1018 1021
f 970 1021 973
f 972 1022 1020
f 972 975 1022
f 972 975 973
f 972 973 970
f 1022 1020 1018
f 1022 1018 1021
f 973 1021 1023
f 973 1023 974
f 975 1024 1022
f 975 976 1024
f 974 1023 1025
f 974 1025 977
f 976 1026 1024
f 976 979 1026
f 976 979 977
f 976 977 974
f 1026 1024 1023
f 1026 1023 1025
f 977 1025 1027
f 977 1027 978
f 979 1028 1026
f 979 980 1028
f 978 1027 1029
f 978 1029 981
f 980 1030 1028
f 980 983 1030
f 980 983 981
f 980 981 978
f 1030 1028 1027
f 1030 1027 1029
f 981 1029 1031
f 981 1031 982
f 983 1032 1030
f 983 984 1032
f 982 1031 1033
f 982 1033 985
f 984 1034 1032
f 984 987 1034
f 984 987 985
f 984 985 982
f 1034 1032 1031
f 1034 1031 1033
f 985 1033 1035
f 985 1035 986
f 987 1036 1034
f 987 988 1036
f 986 1035 1037
f 986 1037 989
f 988 1038 1036
f 988 991 1038
f 988 991 989
f 988 989 986
f 1038 1036 1035
f 1038 1035 1037
f 989 1037 1039
f 989 1039 990
f 991 1040 1038
f 991 992 1040
f 990 1039 1041
f 990 1041 993
f 992 1042 1040
f 992 995 1042
f 992 995 993
f 992 993 990
f 1042 1040 1039
f 1042 1039 1041
f 993 1041 1043
f 993 1043 994
f 995 1044 1042
f 995 996 1044
f 994 1043 1045
f 994 1045 997
f 996 1046 1044
f 996 999 1046
f 996 999 997
f 996 997 994
f 1046 1044 1043
f 1046 1043 1045
f 997 1045 1047
f 997 1047 998
f 999 1048 1046
f 999 1000 1048
f 998 1047 1049
f 998 1049 1001
f 1000 1050 1048
f 1000 1003 1050
f 1000 1003 1001
f 1000 1001 998
f 1050 1048 1047
f 1050 1047 1049
f 1001 1049 1051
f 1001 1051 1002
f 1003 1052 1050
f 1003 1004 1052
f 1002 1051 1053
f 1002 1053 1005
f 1004 1054 1052
f 1004 1007 1054
f 1004 1007 1005
f 1004 1005 1002
f 1054 1052 1051
f 1054 1051 1053
f 1005 1053 1055
f 1005 1055 1006
f 1007 1056 1054
f 1007 1008 1056
f 1006 1055 1057
f 1006 1057 1009
f 1008 1058 1056
f 1008 1011 1058
f 1008 1011 1009
f 1008 1009 1006
f 1058 1056 1055
f 1058 1055 1057
f 1009 1057 1059
f 1009 1059 1010
f 1011 1060 1058
f 1011 1012 1060
f 1010 1059 1061
f 1010 1061 1013
f 1012 1062 1060
f 1012 1015 1062
f 1012 1015 1013
f 1012 1013 1010
f 1062 1060 1059
f 1062 1059 1061
f 1013 1061 1063
f 1013 1063 1014
f 1015 1064 1062
f 1015 1016 1064
f 1016 1064 1063
f 1016 1063 1014
f 1017 1065 1066
f 1017 1066 1018
f 1019 1068 1067
f 1019 1020 1068
f 1067 1019 1017
f 1067 1017 1065
f 1020 1068 1066
f 1020 1066 1018
f 1021 1069 1070
f 1021 1070 1023
f 1022 1072 1071
f 1022 1024 1072
f 1071 1022 1021
f 1071 1021 1069
f 1024 1072 1070
f 1024 1070 1023
f 1025 1073 1074
f 1025 1074 1027
f 1026 1076 1075
f 1026 1028 1076
f 1075 1026 1025
f 1075 1025 1073
f 1028 1076 1074
f 1028 1074 1027
f 1029 1077 1078
f 1029 1078 1031
f 1030 1080 1079
f 1030 1032 1080
f 1079 1030 1029
f 1079 1029 1077
f 1032 1080 1078
f 1032 1078 1031
f 1033 1081 1082
f 1033 1082 1035
f 1034 1084 1083
f 1034 1036 1084
f 1083 1034 1033
f 1083 1033 1081
f 1036 1084 1082
f 1036 1082 1035
f 1037 1085 1086
f 1037 1086 1039
f 1038 1088 1087
f 1038 1040 1088
f 1087 1038 1037
f 1087 1037 1085
f 1040 1088 1086
f 1040 1086 1039
f 1041 1089 1090
f 1041 1090 1043
f 1042 1092 1091
f 1042 1044 1092
f 1091 1042 1041
f 1091 1041 1089
f 1044 1092 1090
f 1044 1090 1043
f 1045 1093 1094
f 1045 1094 1047
f 1046 1096 1095
f 1046 1048 1096
f 1095 1046 1045
f 1095 1045 1093
f 1048 1096 1094
f 1048 1094 1047
f 1049 1097 1098
f 1049 1098 1051
f 1050 1100 1099
f 1050 1052 1100
f 1099 1050 1049
f 1099 1049 1097
f 1052 1100 1098
f 1052 1098 1051
f 1053 1101 1102
f 1053 1102 1055
f 1054 1104 1103
f 1054 1056 1104
f 1103 1054 1053
f 1103 1053 1101
f 1056 1104 1102
f 1056 1102 1055
f 1057 1105 1106
f 1057 1106 1059
f 1058 1108 1107
f 1058 1060 1108
f 1107 1058 1057
f 1107 1057 1105
f 1060 1108 1106
f 1060 1106 1059
f 1061 1109 1110
f 1061 1110 1063
f 1062 1112 1111
f 1062 1064 1112
f 1111 1062 1061
f 1111 1061 1109
f 1064 1112 1110
f 1064 1110 1063
f 1065 1113 1114
f 1065 1114 1066
f 1067 1116 1115
f 1067 1068 1116
f 1116 1115 1113
f 1116 1113 1114
f 1115 1067 1065
f 1115 1065 1113
f 1066 1114 1117
f 1066 1117 1069
f 1068 1118 1116
f 1068 1071 1118
f 1068 1071 1069
f 1068 1069 1066
f 1118 1116 1114
f 1118 1114 1117
f 1069 1117 1119
f 1069 1119 1070
f 1071 1120 1118
f 1071 1072 1120
f 1120 1118 1117
f 1120 1117 1119
f 1070 1119 1121
f 1070 1121 1073
f 1072 1122 1120
f 1072 1075 1122
f 1072 1075 1073
f 1072 1073 1070
f 1122 1120 1119
f 1122 1119 1121
f 1073 1121 1123
f 1073 1123 1074
f 1075 1124 1122
f 1075 1076 1124
f 1124 1122 1121
f 1124 1121 1123
f 1074 1123 1125
f 1074 1125 1077
f 1076 1126 1124
f 1076 1079 1126
f 1076 1079 1077
f 1076 1077 1074
f 1126 1124 1123
f 1126 1123 1125
f 1077 1125 1127
f 1077 1127 1078
f 1079 1128 1126
f 1079 1080 1128
f 1128 1126 1125
f 1128 1125 1127
f 1078 1127 1129
f 1078 1129 1081
f 1080 1130 1128
f 1080 1083 1130
f 1080 1083 1081
f 1080 1081 1078
f 1130 1128 1127
f 1130 1127 1129
f 1081 1129 1131
f 1081 1131 1082
f 1083 1132 1130
f 1083 1084 1132
f 1132 1130 1129
f 1132 1129 1131
f 1082 1131 1133
f 1082 1133 1085
f 1084 1134 1132
f 1084 1087 1134
f 1084 1087 1085
f 1084 1085 1082
f 1134 1132 1131
f 1134 1131 1133
f 1085 1133 1135
f 1085 1135 1086
f 1087 1136 1134
f 1087 1088 1136
f 1136 1134 1133
f 1136 1133 1135
f 1086 1135 1137
f 1086 1137 1089
f 1088 1138 1136
f 1088 1091 1138
f 1088 1091 1089
f 1088 1089 1086
f 1138 1136 1135
f 1138 1135 1137
f 1089 1137 1139
f 1089 1139 1090
f 1091 1140 1138
f 1091 1092 1140
f 1140 1138 1137
f 1140 1137 1139
f 1090 1139 1141
f 1090 1141 1093
f 1092 1142 1140
f 1092 1095 1142
f 1092 1095 1093
f 1092 1093 1090
f 1142 1140 1139
f 1142 1139 1141
f 1093 1141 1143
f 1093 1143 1094
f 1095 1144 1142
f 1095 1096 1144
f 1144 1142 1141
f 1144 1141 1143
f 1094 1143 1145
f 1094 1145 1097
f 1096 1146 1144
f 1096 1099 1146
f 1096 1099 1097
f 1096 1097 1094
f 1146 1144 1143
f 1146 1143 1145
f 1097 1145 1147
f 1097 1147 1098
f 1099 1148 1146
f 1099 1100 1148
f 1148 1146 1145
f 1148 1145 1147
f 1098 1147 1149
f 1098 1149 1101
f 1100 1150 1148
f 1100 1103 1150
f 1100 1103 1101
f 1100 1101 1098
f 1150 1148 1147
f 1150 1147 1149
f 1101 1149 1151
f 1101 1151 1102
f 1103 1152 1150
f 1103 1104 1152
f 1152 1150 1149
f 1152 1149 1151
f 1102 1151 1153
f 1102 1153 1105
f 1104 1154 1152
f 1104 1107 1154
f 1104 1107 1105
f 1104 1105 1102
f 1154 1152 1151
f 1154 1151 1153
f 1105 1153 1155
f 1105 1155 1106
f 1107 1156 1154
f 1107 1108 1156
f 1156 1154 1153
f 1156 1153 1155
f 1106 1155 1157
f 1106 1157 1109
f 1108 1158 1156
f 1108 1111 1158
f 1108 1111 1109
f 1108 1109 1106
f 1158 1156 1155
f 1158 1155 1157
f 1109 1157 1159
f 1109 1159 1110
f 1111 1160 1158
f 1111 1112 1160
f 1160 1158 1157
f 1160 1157 1159
f 1112 1160 1159
f 1112 1159 1110
f 1161 1162 1163
f 1161 1163 1164
f 1165 1167 1166
f 1165 1168 1167
f 1165 1168 1164
f 1165 1164 1161
f 1167 1166 1162
f 1167 1162 1163
f 1166 1165 1161
f 1166 1161 1162
f 1168 1167 1163
f 1168 1163 1164
f 1169 1170 1171
f 1169 1171 1172
f 1173 1175 1174
f 1173 1176 1175
f 1173 1176 1172
f 1173 1172 1169
f 1175 1174 1170
f 1175 1170 1171
f 1174 1173 1169
f 1174 1169 1170
f 1176 1175 1171
f 1176 1171 1172
f 1177 1178 1179
f 1177 1179 1180
f 1181 1183 1182
f 1181 1184 1183
f 1181 1184 1180
f 1181 1180 1177
f 1183 1182 1178
f 1183 1178 1179
f 1182 1181 1177
f 1182 1177 1178
f 1184 1183 1179
f 1184 1179 1180
f 1185 1186 1187
f 1185 1187 1188
f 1189 1191 1190
f 1189 1192 1191
f 1189 1192 1188
f 1189 1188 1185
f 1191 1190 1186
f 1191 1186 1187
f 1190 1189 1185
f 1190 1185 1186
f 1192 1191 1187
f 1192 1187 1188
f 1201 1202 1203
f 1201 1203 1204
f 1205 1207 1206
f 1205 1208 1207
f 1205 1208 1204
f 1205 1204 1201
f 1207 1206 1202
f 1207 1202 1203
f 1206 1205 1201
f 1206 1201 1202
f 1208 1207 1203
f 1208 1203 1204
f 1209 1210 1211
f 1209 1211 1212
f 1213 1215 1214
f 1213 1216 1215
f 1213 1216 1212
f 1213 1212 1209
f 1215 1214 1210
f 1215 1210 1211
f 1214 1213 1209
f 1214 1209 1210
f 1216 1215 1211
f 1216 1211 1212
f 1217 1218 1219
f 1217 1219 1220
f 1221 1223 1222
f 1221 1224 1223
f 1221 1224 1220
f 1221 1220 1217
f 1223 1222 1218
f 1223 1218 1219
f 1222 1221 1217
f 1222 1217 1218
f 1224 1223 1219
f 1224 1219 1220
f 1225 1226 1227
f 1225 1227 1228
f 1229 1231 1230
f 1229 1232 1231
f 1229 1232 1228
f 1229 1228 1225
f 1231 1230 1226
f 1231 1226 1227
f 1230 1229 1225
f 1230 1225 1226
f 1232 1231 1227
f 1232 1227 1228
f 1241 1242 1243
f 1241 1243 1244
f 1245 1247 1246
f 1245 1248 1247
f 1245 1248 1244
f 1245 1244 1241
f 1247 1246 1242
f 1247 1242 1243
f 1246 1245 1241
f 1246 1241 1242
f 1248 1247 1243
f 1248 1243 1244
f 1249 1250 1251
f 1249 1251 1252
f 1253 1255 1254
f 1253 1256 1255
f 1253 1256 1252
f 1253 1252 1249
f 1255 1254 1250
f 1255 1250 1251
f 1254 1253 1249
f 1254 1249 1250
f 1256 1255 1251
f 1256 1251 1252
f 1257 1258 1259
f 1257 1259 1260
f 1261 1263 1262
f 1261 1264 1263
f 1261 1264 1260
f 1261 1260 1257
f 1263 1262 1258
f 1263 1258 1259
f 1262 1261 1257
f 1262 1257 1258
f 1264 1263 1259
f 1264 1259 1260
f 1265 1266 1267
f 1265 1267 1268
f 1269 1271 1270
f 1269 1272 1271
f 1269 1272 1268
f 1269 1268 1265
f 1271 1270 1266
f 1271 1266 1267
f 1270 1269 1265
f 1270 1265 1266
f 1272 1271 1267
f 1272 1267 1268
f 1281 1282 1283
f 1281 1283 1284
f 1285 1287 1286
f 1285 1288 1287
f 1285 1288 1284
f 1285 1284 1281
f 1287 1286 1282
f 1287 1282 1283
f 1286 1285 1281
f 1286 1281 1282
f 1288 1287 1283
f 1288 1283 1284
f 1289 1290 1291
f 1289 1291 1292
f 1293 1295 1294
f 1293 1296 1295
f 1293 1296 1292
f 1293 1292 1289
f 1295 1294 1290
f 1295 1290 1291
f 1294 1293 1289
f 1294 1289 1290
f 1296 1295 1291
f 1296 1291 1292
f 1297 1298 1299
f 1297 1299 1300
f 1301 1303 1302
f 1301 1304 1303
f 1301 1304 1300
f 1301 1300 1297
f 1303 1302 1298
f 1303 1298 1299
f 1302 1301 1297
f 1302 1297 1298
f 1304 1303 1299
f 1304 1299 1300
f 1305 1306 1307
f 1305 1307 1308
f 1309 1311 1310
f 1309 1312 1311
f 1309 1312 1308
f 1309 1308 1305
f 1311 1310 1306
f 1311 1306 1307
f 1310 1309 1305
f 1310 1305 1306
f 1312 1311 1307
f 1312 1307 1308
f 1321 1322 1323
f 1321 1323 1324
f 1325 1327 1326
f 1325 1328 1327
f 1325 1328 1324
f 1325 1324 1321
f 1327 1326 1322
f 1327 1322 1323
f 1326 1325 1321
f 1326 1321 1322
f 1328 1327 1323
f 1328 1323 1324
f 1329 1330 1331
f 1329 1331 1332
f 1333 1335 1334
f 1333 1336 1335
f 1333 1336 1332
f 1333 1332 1329
f 1335 1334 1330
f 1335 1330 1331
f 1334 1333 1329
f 1334 1329 1330
f 1336 1335 1331
f 1336 1331 1332
f 1345 1346 1347
f 1345 1347 1348
f 1349 1351 1350
f 1349 1352 1351
f 1349 1352 1348
f 1349 1348 1345
f 1351 1350 1346
f 1351 1346 1347
f 1350 1349 1345
f 1350 1345 1346
f 1352 1351 1347
f 1352 1347 1348
f 1353 1354 1355
f 1353 1355 1356
f 1357 1359 1358
f 1357 1360 1359
f 1357 1360 1356
f 1357 1356 1353
f 1359 1358 1354
f 1359 1354 1355
f 1358 1357 1353
f 1358 1353 1354
f 1360 1359 1355
f 1360 1355 1356
f 1369 1370 1371
f 1369 1371 1372
f 1373 1375 1374
f 1373 1376 1375
f 1373 1376 1372
f 1373 1372 1369
f 1375 1374 1370
f 1375 1370 1371
f 1374 1373 1369
f 1374 1369 1370
f 1376 1375 1371
f 1376 1371 1372
f 1377 1378 1379
f 1377 1379 1380
f 1381 1383 1382
f 1381 1384 1383
f 1381 1384 1380
f 1381 1380 1377
f 1383 1382 1378
f 1383 1378 1379
f 1382 1381 1377
f 1382 1377 1378
f 1384 1383 1379
f 1384 1379 1380
f 1393 1394 1395
f 1393 1395 1396
f 1397 1399 1398
f 1397 1400 1399
f 1397 1400 1396
f 1397 1396 1393
f 1399 1398 1394
f 1399 1394 1395
f 1398 1397 1393
f 1398 1393 1394
f 1400 1399 1395
f 1400 1395 1396
f 1401 1402 1403
f 1401 1403 1404
f 1405 1407 1406
f 1405 1408 1407
f 1405 1408 1404
f 1405 1404 1401
f 1407 1406 1402
f 1407 1402 1403
f 1406 1405 1401
f 1406 1401 1402
f 1408 1407 1403
f 1408 1403 1404
f 1417 1418 1419
f 1417 1419 1420
f 1421 1423 1422
f 1421 1424 1423
f 1421 1424 1420
f 1421 1420 1417
f 1423 1422 1418
f 1423 1418 1419
f 1422 1421 1417
f 1422 1417 1418
f 1424 1423 1419
f 1424 1419 1420
f 1425 1426 1427
f 1425 1427 1428
f 1429 1431 1430
f 1429 1432 1431
f 1429 1432 1428
f 1429 1428 1425
f 1431 1430 1426
f 1431 1426 1427
f 1430 1429 1425
f 1430 1425 1426
f 1432 1431 1427
f 1432 1427 1428
f 1441 1442 1443
f 1441 1443 1444
f 1445 1447 1446
f 1445 1448 1447
f 1445 1448 1444
f 1445 1444 1441
f 1447 1446 1442
f 1447 1442 1443
f 1446 1445 1441
f 1446 1441 1442
f 1448 1447 1443
f 1448 1443 1444
f 1449 1450 1451
f 1449 1451 1452
f 1453 1455 1454
f 1453 1456 1455
f 1453 1456 1452
f 1453 1452 1449
f 1455 1454 1450
f 1455 1450 1451
f 1454 1453 1449
f 1454 1449 1450
f 1456 1455 1451
f 1456 1451 1452
f 1465 1466 1467
f 1465 1467 1468
f 1469 1471 1470
f 1469 1472 1471
f 1469 1472 1468
f 1469 1468 1465
f 1471 1470 1466
f 1471 1466 1467
f 1470 1469 1465
f 1470 1465 1466
f 1472 1471 1467
f 1472 1467 1468
f 1473 1474 1475
f 1473 1475 1476
f 1477 1479 1478
f 1477 1480 1479
f 1477 1480 1476
f 1477 1476 1473
f 1479 1478 1474
f 1479 1474 1475
f 1478 1477 1473
f 1478 1473 1474
f 1480 1479 1475
f 1480 1475 1476
f 1489 1490 1491
f 1489 1491 1492
f 1493 1495 1494
f 1493 1496 1495
f 1493 1496 1492
f 1493 1492 1489
f 1495 1494 1490
f 1495 1490 1491
f 1494 1493 1489
f 1494 1489 1490
f 1496 1495 1491
f 1496 1491 1492
f 1497 1498 1499
f 1497 1499 1500
f 1501 1503 1502
f 1501 1504 1503
f 1501 1504 1500
f 1501 1500 1497
f 1503 1502 1498
f 1503 1498 1499
f 1502 1501 1497
f 1502 1497 1498
f 1504 1503 1499
f 1504 1499 1500
f 1513 1514 1515
f 1513 1515 1516
f 1517 1519 1518
f 1517 1520 1519
f 1517 1520 1516
f 1517 1516 1513
f 1519 1518 1514
f 1519 1514 1515
f 1518 1517 1513
f 1518 1513 1514
f 1520 1519 1515
f 1520 1515 1516
f 1521 1522 1523
f 1521 1523 1524
f 1525 1527 1526
f 1525 1528 1527
f 1525 1528 1524
f 1525 1524 1521
f 1527 1526 1522
f 1527 1522 1523
f 1526 1525 1521
f 1526 1521 1522
f 1528 1527 1523
f 1528 1523 1524
f 1537 1538 1539
f 1537 1539 1540
f 1541 1543 1542
f 1541 1544 1543
f 1541 1544 1540
f 1541 1540 1537
f 1543 1542 1538
f 1543 1538 1539
f 1542 1541 1537
f 1542 1537 1538
f 1544 1543 1539
f 1544 1539 1540
f 1545 1546 1547
f 1545 1547 1548
f 1549 1551 1550
f 1549 1552 1551
f 1549 1552 1548
f 1549 1548 1545
f 1551 1550 1546
f 1551 1546 1547
f 1550 1549 1545
f 1550 1545 1546
f 1552 1551 1547
f 1552 1547 1548
f 1561 1562 1563
f 1561 1563 1564
f 1565 1567 1566
f 1565 1568 1567
f 1565 1568 1564
f 1565 1564 1561
f 1567 1566 1562
f 1567 1562 1563
f 1566 1565 1561
f 1566 1561 1562
f 1568 1567 1563
f 1568 1563 1564
f 1569 1570 1571
f 1569 1571 1572
f 1573 1575 1574
f 1573 1576 1575
f 1573 1576 1572
f 1573 1572 1569
f 1575 1574 1570
f 1575 1570 1571
f 1574 1573 1569
f 1574 1569 1570
f 1576 1575 1571
f 1576 1571 1572
f 1585 1586 1587
f 1585 1587 1588
f 1589 1591 1590
f 1589 1592 1591
f 1589 1592 1588
f 1589 1588 1585
f 1591 1590 1586
f 1591 1586 1587
f 1590 1589 1585
f 1590 1585 1586
f 1592 1591 1587
f 1592 1587 1588
f 1593 1594 1595
f 1593 1595 1596
f 1597 1599 1598
f 1597 1600 1599
f 1597 1600 1596
f 1597 1596 1593
f 1599 1598 1594
f 1599 1594 1595
f 1598 1597 1593
f 1598 1593 1594
f 1600 1599 1595
f 1600 1595 1596
f 1609 1610 1611
f 1609 1611 1612
f 1613 1615 1614
f 1613 1616 1615
f 1613 1616 1612
f 1613 1612 1609
f 1615 1614 1610
f 1615 1610 1611
f 1614 1613 1609
f 1614 1609 1610
f 1616 1615 1611
f 1616 1611 1612
f 1617 1618 1619
f 1617 1619 1620
f 1621 1623 1622
f 1621 1624 1623
f 1621 1624 1620
f 1621 1620 1617
f 1623 1622 1618
f 1623 1618 1619
f 1622 1621 1617
f 1622 1617 1618
f 1624 1623 1619
f 1624 1619 1620
f 1633 1634 1635
f 1633 1635 1636
f 1637 1639 1638
f 1637 1640 1639
f 1637 1640 1636
f 1637 1636 1633
f 1639 1638 1634
f 1639 1634 1635
f 1638 1637 1633
f 1638 1633 1634
f 1640 1639 1635
f 1640 1635 1636
f 1641 1642 1643
f 1641 1643 1644
f 1645 1647 1646
f 1645 1648 1647
f 1645 1648 1644
f 1645 1644 1641
f 1647 1646 1642
f 1647 1642 1643
f 1646 1645 1641
f 1646 1641 1642
f 1648 1647 1643
f 1648 1643 1644
f 1657 1658 1659
f 1657 1659 1660
f 1661 1663 1662
f 1661 1664 1663
f 1661 1664 1660
f 1661 1660 1657
f 1663 1662 1658
f 1663 1658 1659
f 1662 1661 1657
f 1662 1657 1658
f 1664 1663 1659
f 1664 1659 1660
f 1665 1666 1667
f 1665 1667 1668
f 1669 1671 1670
f 1669 1672 1671
f 1669 1672 1668
f 1669 1668 1665
f 1671 1670 1666
f 1671 1666 1667
f 1670 1669 1665
f 1670 1665 1666
f 1672 1671 1667
f 1672 1667 1668
f 1681 1682 1683
f 1681 1683 1684
f 1685 1687 1686
f 1685 1688 1687
f 1685 1688 1684
f 1685 1684 1681
f 1687 1686 1682
f 1687 1682 1683
f 1686 1685 1681
f 1686 1681 1682
f 1688 1687 1683
f 1688 1683 1684
f 1689 1690 1691
f 1689 1691 1692
f 1693 1695 1694
f 1693 1696 1695
f 1693 1696 1692
f 1693 1692 1689
f 1695 1694 1690
f 1695 1690 1691
f 1694 1693 1689
f 1694 1689 1690
f 1696 1695 1691
f 1696 1691 1692
f 1705 1706 1707
f 1705 1707 1708
f 1709 1711 1710
f 1709 1712 1711
f 1709 1712 1708
f 1709 1708 1705
f 1711 1710 1706
f 1711 1706 1707
f 1710 1709 1705
f 1710 1705 1706
f 1712 1711 1707
f 1712 1707 1708
f 1713 1714 1715
f 1713 1715 1716
f 1717 1719 1718
f 1717 1720 1719
f 1717 1720 1716
f 1717 1716 1713
f 1719 1718 1714
f 1719 1714 1715
f 1718 1717 1713
f 1718 1713 1714
f 1720 1719 1715
f 1720 1715 1716
f 1729 1730 1731
f 1729 1731 1732
f 1733 1735 1734
f 1733 1736 1735
f 1733 1736 1732
f 1733 1732 1729
f 1735 1734 1730
f 1735 1730 1731
f 1734 1733 1729
f 1734 1729 1730
f 1736 1735 1731
f 1736 1731 1732
f 1737 1738 1739
f 1737 1739 1740
f 1741 1743 1742
f 1741 1744 1743
f 1741 1744 1740
f 1741 1740 1737
f 1743 1742 1738
f 1743 1738 1739
f 1742 1741 1737
f 1742 1737 1738
f 1744 1743 1739
f 1744 1739 1740
f 1753 1754 1755
f 1753 1755 1756
f 1757 1759 1758
f 1757 1760 1759
f 1757 1760 1756
f 1757 1756 1753
f 1759 1758 1754
f 1759 1754 1755
f 1758 1757 1753
f 1758 1753 1754
f 1760 1759 1755
f 1760 1755 1756
f 1761 1762 1763
f 1761 1763 1764
f 1765 1767 1766
f 1765 1768 1767
f 1765 1768 1764
f 1765 1764 1761
f 1767 1766 1762
f 1767 1762 1763
f 1766 1765 1761
f 1766 1761 1762
f 1768 1767 1763
f 1768 1763 1764
f 1777 1778 1779
f 1777 1779 1780
f 1781 1783 1782
f 1781 1784 1783
f 1781 1784 1780
f 1781 1780 1777
f 1783 1782 1778
f 1783 1778 1779
f 1782 1781 1777
f 1782 1777 1778
f 1784 1783 1779
f 1784 1779 1780
f 1785 1786 1787
f 1785 1787 1788
f 1789 1791 1790
f 1789 1792 1791
f 1789 1792 1788
f 1789 1788 1785
f 1791 1790 1786
f 1791 1786 1787
f 1790 1789 1785
f 1790 1785 1786
f 1792 1791 1787
f 1792 1787 1788
f 1801 1802 1803
f 1801 1803 1804
f 1805 1807 1806
f 1805 1808 1807
f 1805 1808 1804
f 1805 1804 1801
f 1807 1806 1802
f 1807 1802 1803
f 1806 1805 1801
f 1806 1801 1802
f 1808 1807 1803
f 1808 1803 1804
f 1809 1810 1811
f 1809 1811 1812
f 1813 1815 1814
f 1813 1816 1815
f 1813 1816 1812
f 1813 1812 1809
f 1815 1814 1810
f 1815 1810 1811
f 1814 1813 1809
f 1814 1809 1810
f 1816 1815 1811
f 1816 1811 1812
f 1825 1826 1827
f 1825 1827 1828
f 1829 1831 1830
f 1829 1832 1831
f 1829 1832 1828
f 1829 1828 1825
f 1831 1830 1826
f 1831 1826 1827
f 1830 1829 1825
f 1830 1825 1826
f 1832 1831 1827
f 1832 1827 1828
f 1833 1834 1835
f 1833 1835 1836
f 1837 1839 1838
f 1837 1840 1839
f 1837 1840 1836
f 1837 1836 1833
f 1839 1838 1834
f 1839 1834 1835
f 1838 1837 1833
f 1838 1833 1834
f 1840 1839 1835
f 1840 1835 1836
f 1849 1850 1851
f 1849 1851 1852
f 1853 1855 1854
f 1853 1856 1855
f 1853 1856 1852
f 1853 1852 1849
f 1855 1854 1850
f 1855 1850 1851
f 1854 1853 1849
f 1854 1849 1850
f 1856 1855 1851
f 1856 1851 1852
f 1857 1858 1859
f 1857 1859 1860
f 1861 1863 1862
f 1861 1864 1863
f 1861 1864 1860
f 1861 1860 1857
f 1863 1862 1858
f 1863 1858 1859
f 1862 1861 1857
f 1862 1857 1858
f 1864 1863 1859
f 1864 1859 1860
f 1873 1874 1875
f 1873 1875 1876
f 1877 1879 1878
f 1877 1880 1879
f 1877 1880 1876
f 1877 1876 1873
f 1879 1878 1874
f 1879 1874 1875
f 1878 1877 1873
f 1878 1873 1874
f 1880 1879 1875
f 1880 1875 1876
f 1881 1882 1883
f 1881 1883 1884
f 1885 1887 1886
f 1885 1888 1887
f 1885 1888 1884
f 1885 1884 1881
f 1887 1886 1882
f 1887 1882 1883
f 1886 1885 1881
f 1886 1881 1882
f 1888 1887 1883
f 1888 1883 1884
f 1897 1898 1899
f 1897 1899 1900
f 1901 1903 1902
f 1901 1904 1903
f 1901 1904 1900
f 1901 1900 1897
f 1903 1902 1898
f 1903 1898 1899
f 1902 1901 1897
f 1902 1897 1898
f 1904 1903 1899
f 1904 1899 1900
f 1905 1906 1907
f 1905 1907 1908
f 1909 1911 1910
f 1909 1912 1911
f 1909 1912 1908
f 1909 1908 1905
f 1911 1910 1906
f 1911 1906 1907
f 1910 1909 1905
f 1910 1905 1906
f 1912 1911 1907
f 1912 1907 1908
f 1921 1922 1923
f 1921 1923 1924
f 1925 1927 1926
f 1925 1928 1927
f 1925 1928 1924
f 1925 1924 1921
f 1927 1926 1922
f 1927 1922 1923
f 1926 1925 1921
f 1926 1921 1922
f 1928 1927 1923
f 1928 1923 1924
f 1929 1930 1931
f 1929 1931 1932
f 1933 1935 1934
f 1933 1936 1935
f 1933 1936 1932
f 1933 1932 1929
f 1935 1934 1930
f 1935 1930 1931
f 1934 1933 1929
f 1934 1929 1930
f 1936 1935 1931
f 1936 1931 1932
f 1945 1946 1947
f 1945 1947 1948
f 1949 1951 1950
f 1949 1952 1951
f 1949 1952 1948
f 1949 1948 1945
f 1951 1950 1946
f 1951 1946 1947
f 1950 1949 1945
f 1950 1945 1946
f 1952 1951 1947
f 1952 1947 1948
f 1953 1954 1955
f 1953 1955 1956
f 1957 1959 1958
f 1957 1960 1959
f 1957 1960 1956
f 1957 1956 1953
f 1959 1958 1954
f 1959 1954 1955
f 1958 1957 1953
f 1958 1953 1954
f 1960 1959 1955
f 1960 1955 1956
f 1969 1970 1971
f 1969 1971 1972
f 1973 1975 1974
f 1973 1976 1975
f 1973 1976 1972
f 1973 1972 1969
f 1975 1974 1970
f 1975 1970 1971
f 1974 1973 1969
f 1974 1969 1970
f 1976 1975 1971
f 1976 1971 1972
f 1977 1978 1979
f 1977 1979 1980
f 1981 1983 1982
f 1981 1984 1983
f 1981 1984 1980
f 1981 1980 1977
f 1983 1982 1978
f 1983 1978 1979
f 1982 1981 1977
f 1982 1977 1978
f 1984 1983 1979
f 1984 1979 1980
f 1993 1994 1995
f 1993 1995 1996
f 1997 1999 1998
f 1997 2000 1999
f 1997 2000 1996
f 1997 1996 1993
f 1999 1998 1994
f 1999 1994 1995
f 1998 1997 1993
f 1998 1993 1994
f 2000 1999 1995
f 2000 1995 1996
f 2001 2002 2003
f 2001 2003 2004
f 2005 2007 2006
f 2005 2008 2007
f 2005 2008 2004
f 2005 2004 2001
f 2007 2006 2002
f 2007 2002 2003
f 2006 2005 2001
f 2006 2001 2002
f 2008 2007 2003
f 2008 2003 2004
f 2017 2018 2019
f 2017 2019 2020
f 2021 2023 2022
f 2021 2024 2023
f 2021 2024 2020
f 2021 2020 2017
f 2023 2022 2018
f 2023 2018 2019
f 2022 2021 2017
f 2022 2017 2018
f 2024 2023 2019
f 2024 2019 2020
f 2025 2026 2027
f 2025 2027 2028
f 2029 2031 2030
f 2029 2032 2031
f 2029 2032 2028
f 2029 2028 2025
f 2031 2030 2026
f 2031 2026 2027
f 2030 2029 2025
f 2030 2025 2026
f 2032 2031 2027
f 2032 2027 2028
f 2041 2042 2043
f 2041 2043 2044
f 2045 2047 2046
f 2045 2048 2047
f 2045 2048 2044
f 2045 2044 2041
f 2047 2046 2042
f 2047 2042 2043
f 2046 2045 2041
f 2046 2041 2042
f 2048 2047 2043
f 2048 2043 2044
f 2049 2050 2051
f 2049 2051 2052
f 2053 2055 2054
f 2053 2056 2055
f 2053 2056 2052
f 2053 2052 2049
f 2055 2054 2050
f 2055 2050 2051
f 2054 2053 2049
f 2054 2049 2050
f 2056 2055 2051
f 2056 2051 2052
f 2065 2066 2067
f 2065 2067 2068
f 2069 2071 2070
f 2069 2072 2071
f 2069 2072 2068
f 2069 2068 2065
f 2071 2070 2066
f 2071 2066 2067
f 2070 2069 2065
f 2070 2065 2066
f 2072 2071 2067
f 2072 2067 2068
f 2073 2074 2075
f 2073 2075 2076
f 2077 2079 2078
f 2077 2080 2079
f 2077 2080 2076
f 2077 2076 2073
f 2079 2078 2074
f 2079 2074 2075
f 2078 2077 2073
f 2078 2073 2074
f 2080 2079 2075
f 2080 2075 2076
f 2089 2090 2091
f 2089 2091 2092
f 2093 2095 2094
f 2093 2096 2095
f 2093 2096 2092
f 2093 2092 2089
f 2095 2094 2090
f 2095 2090 2091
f 2094 2093 2089
f 2094 2089 2090
f 2096 2095 2091
f 2096 2091 2092
f 2097 2098 2099
f 2097 2099 2100
f 2101 2103 2102
f 2101 2104 2103
f 2101 2104 2100
f 2101 2100 2097
f 2103 2102 2098
f 2103 2098 2099
f 2102 2101 2097
f 2102 2097 2098
f 2104 2103 2099
f 2104 2099 2100
f 2113 2114 2115
f 2113 2115 2116
f 2117 2119 2118
f 2117 2120 2119
f 2117 2120 2116
f 2117 2116 2113
f 2119 2118 2114
f 2119 2114 2115
f 2118 2117 2113
f 2118 2113 2114
f 2120 2119 2115
f 2120 2115 2116
f 2121 2122 2123
f 2121 2123 2124
f 2125 2127 2126
f 2125 2128 2127
f 2125 2128 2124
f 2125 2124 2121
f 2127 2126 2122
f 2127 2122 2123
f 2126 2125 2121
f 2126 2121 2122
f 2128 2127 2123
f 2128 2123 2124
f 2137 2138 2139
f 2137 2139 2140
f 2141 2143 2142
f 2141 2144 2143
f 2141 2144 2140
f 2141 2140 2137
f 2143 2142 2138
f 2143 2138 2139
f 2142 2141 2137
f 2142 2137 2138
f 2144 2143 2139
f 2144 2139 2140
f 2145 2146 2147
f 2145 2147 2148
f 2149 2151 2150
f 2149 2152 2151
f 2149 2152 2148
f 2149 2148 2145
f 2151 2150 2146
f 2151 2146 2147
f 2150 2149 2145
f 2150 2145 2146
f 2152 2151 2147
f 2152 2147 2148
f 2161 2162 2163
f 2161 2163 2164
f 2165 2167 2166
f 2165 2168 2167
f 2165 2168 2164
f 2165 2164 2161
f 2167 2166 2162
f 2167 2162 2163
f 2166 2165 2161
f 2166 2161 2162
f 2168 2167 2163
f 2168 2163 2164
f 2169 2170 2171
f 2169 2171 2172
f 2173 2175 2174
f 2173 2176 2175
f 2173 2176 2172
f 2173 2172 2169
f 2175 2174 2170
f 2175 2170 2171
f 2174 2173 2169
f 2174 2169 2170
f 2176 2175 2171
f 2176 2171 2172
f 2185 2186 2187
f 2185 2187 2188
f 2189 2191 2190
f 2189 2192 2191
f 2189 2192 2188
f 2189 2188 2185
f 2191 2190 2186
f 2191 2186 2187
f 2190 2189 2185
f 2190 2185 2186
f 2192 2191 2187
f 2192 2187 2188
f 2193 2194 2195
f 2193 2195 2196
f 2197 2199 2198
f 2197 2200 2199
f 2197 2200 2196
f 2197 2196 2193
f 2199 2198 2194
f 2199 2194 2195
f 2198 2197 2193
f 2198 2193 2194
f 2200 2199 2195
f 2200 2195 2196
f 2209 2210 2211
f 2209 2211 2212
f 2213 2215 2214
f 2213 2216 2215
f 2213 2216 2212
f 2213 2212 2209
f 2215 2214 2210
f 2215 2210 2211
f 2214 2213 2209
f 2214 2209 2210
f 2216 2215 2211
f 2216 2211 2212
f 2217 2218 2219
f 2217 2219 2220
f 2221 2223 2222
f 2221 2224 2223
f 2221 2224 2220
f 2221 2220 2217
f 2223 2222 2218
f 2223 2218 2219
f 2222 2221 2217
f 2222 2217 2218
f 2224 2223 2219
f 2224 2219 2220
f 2233 2234 2235
f 2233 2235 2236
f 2237 2239 2238
f 2237 2240 2239
f 2237 2240 2236
f 2237 2236 2233
f 2239 2238 2234
f 2239 2234 2235
f 2238 2237 2233
f 2238 2233 2234
f 2240 2239 2235
f 2240 2235 2236
f 2241 2242 2243
f 2241 2243 2244
f 2245 2247 2246
f 2245 2248 2247
f 2245 2248 2244
f 2245 2244 2241
f 2247 2246 2242
f 2247 2242 2243
f 2246 2245 2241
f 2246 2241 2242
f 2248 2247 2243
f 2248 2243 2244
f 2257 2258 2259
f 2257 2259 2260
f 2261 2263 2262
f 2261 2264 2263
f 2261 2264 2260
f 2261 2260 2257
f 2263 2262 2258
f 2263 2258 2259
f 2262 2261 2257
f 2262 2257 2258
f 2264 2263 2259
f 2264 2259 2260
f 2265 2266 2267
f 2265 2267 2268
f 2269 2271 2270
f 2269 2272 2271
f 2269 2272 2268
f 2269 2268 2265
f 2271 2270 2266
f 2271 2266 2267
f 2270 2269 2265
f 2270 2265 2266
f 2272 2271 2267
f 2272 2267 2268
f 2281 2282 2283
f 2281 2283 2284
f 2285 2287 2286
f 2285 2288 2287
f 2285 2288 2284
f 2285 2284 2281
f 2287 2286 2282
f 2287 2282 2283
f 2286 2285 2281
f 2286 2281 2282
f 2288 2287 2283
f 2288 2283 2284
f 2289 2290 2291
f 2289 2291 2292
f 2293 2295 2294
f 2293 2296 2295
f 2293 2296 2292
f 2293 2292 2289
f 2295 2294 2290
f 2295 2290 2291
f 2294 2293 2289
f 2294 2289 2290
f 2296 2295 2291
f 2296 2291 2292
f 2305 2306 2307
f 2305 2307 2308
f 2309 2311 2310
f 2309 2312 2311
f 2309 2312 2308
f 2309 2308 2305
f 2311 2310 2306
f 2311 2306 2307
f 2310 2309 2305
f 2310 2305 2306
f 2312 2311 2307
f 2312 2307 2308
f 2313 2314 2315
f 2313 2315 2316
f 2317 2319 2318
f 2317 2320 2319
f 2317 2320 2316
f 2317 2316 2313
f 2319 2318 2314
f 2319 2314 2315
f 2318 2317 2313
f 2318 2313 2314
f 2320 2319 2315
f 2320 2315 2316
f 2329 2330 2331
f 2329 2331 2332
f 2333 2335 2334
f 2333 2336 2335
f 2333 2336 2332
f 2333 2332 2329
f 2335 2334 2330
f 2335 2330 2331
f 2334 2333 2329
f 2334 2329 2330
f 2336 2335 2331
f 2336 2331 2332
f 2337 2338 2339
f 2337 2339 2340
f 2341 2343 2342
f 2341 2344 2343
f 2341 2344 2340
f 2341 2340 2337
f 2343 2342 2338
f 2343 2338 2339
f 2342 2341 2337
f 2342 2337 2338
f 2344 2343 2339
f 2344 2339 2340
g BOX
usemtl BOX
f 1193 1194 1195
f 1193 1195 1196
f 1197 1199 1198
f 1197 1200 1199
f 1197 1200 1196
f 1197 1196 1193
f 1199 1198 1194
f 1199 1194 1195
f 1198 1197 1193
f 1198 1193 1194
f 1200 1199 1195
f 1200 1195 1196
f 1233 1234 1235
f 1233 1235 1236
f 1237 1239 1238
f 1237 1240 1239
f 1237 1240 1236
f 1237 1236 1233
f 1239 1238 1234
f 1239 1234 1235
f 1238 1237 1233
f 1238 1233 1234
f 1240 1239 1235
f 1240 1235 1236
f 1273 1274 1275
f 1273 1275 1276
f 1277 1279 1278
f 1277 1280 1279
f 1277 1280 1276
f 1277 1276 1273
f 1279 1278 1274
f 1279 1274 1275
f 1278 1277 1273
f 1278 1273 1274
f 1280 1279 1275
f 1280 1275 1276
f 1313 1314 1315
f 1313 1315 1316
f 1317 1319 1318
f 1317 1320 1319
f 1317 1320 1316
f 1317 1316 1313
f 1319 1318 1314
f 1319 1314 1315
f 1318 1317 1313
f 1318 1313 1314
f 1320 1319 1315
f 1320 1315 1316
f 1337 1338 1339
f 1337 1339 1340
f 1341 1343 1342
f 1341 1344 1343
f 1341 1344 1340
f 1341 1340 1337
f 1343 1342 1338
f 1343 1338 1339
f 1342 1341 1337
f 1342 1337 1338
f 1344 1343 1339
f 1344 1339 1340
f 1361 1362 1363
f 1361 1363 1364
f 1365 1367 1366
f 1365 1368 1367
f 1365 1368 1364
f 1365 1364 1361
f 1367 1366 1362
f 1367 1362 1363
f 1366 1365 1361
f 1366 1361 1362
f 1368 1367 1363
f 1368 1363 1364
f 1385 1386 1387
f 1385 1387 1388
f 1389 1391 1390
f 1389 1392 1391
f 1389 1392 1388
f 1389 1388 1385
f 1391 1390 1386
f 1391 1386 1387
f 1390 1389 1385
f 1390 1385 1386
f 1392 1391 1387
f 1392 1387 1388
f 1409 1410 1411
f 1409 1411 1412
f 1413 1415 1414
f 1413 1416 1415
f 1413 1416 1412
f 1413 1412 1409
f 1415 1414 1410
f 1415 1410 1411
f 1414 1413 1409
f 1414 1409 1410
f 1416 1415 1411
f 1416 1411 1412
f 1433 1434 1435
f 1433 1435 1436
f 1437 1439 1438
f 1437 1440 1439
f 1437 1440 1436
f 1437 1436 1433
f 1439 1438 1434
f 1439 1434 1435
f 1438 1437 1433
f 1438 1433 1434
f 1440 1439 1435
f 1440 1435 1436
f 1457 1458 1459
f 1457 1459 1460
f 1461 1463 1462
f 1461 1464 1463
f 1461 1464 1460
f 1461 1460 1457
f 1463 1462 1458
f 1463 1458 1459
f 1462 1461 1457
f 1462 1457 1458
f 1464 1463 1459
f 1464 1459 1460
f 1481 1482 1483
f 1481 1483 1484
f 1485 1487 1486
f 1485 1488 1487
f 1485 1488 1484
f 1485 1484 1481
f 1487 1486 1482
f 1487 1482 1483
f 1486 1485 1481
f 1486 1481 1482
f 1488 1487 1483
f 1488 1483 1484
f 1505 1506 1507
f 1505 1507 1508
f 1509 1511 1510
f 1509 1512 1511
f 1509 1512 1508
f 1509 1508 1505
f 1511 1510 1506
f 1511 1506 1507
f 1510 1509 1505
f 1510 1505 1506
f 1512 1511 1507
f 1512 1507 1508
f 1529 1530 1531
f 1529 1531 1532
f 1533 1535 1534
f 1533 1536 1535
f 1533 1536 1532
f 1533 1532 1529
f 1535 1534 1530
f 1535 1530 1531
f 1534 1533 1529
f 1534 1529 1530
f 1536 1535 1531
f 1536 1531 1532
f 1553 1554 1555
f 1553 1555 1556
f 1557 1559 1558
f 1557 1560 1559
f 1557 1560 1556
f 1557 1556 1553
f 1559 1558 1554
f 1559 1554 1555
f 1558 1557 1553
f 1558 1553 1554
f 1560 1559 1555
f 1560 1555 1556
f 1577 1578 1579
f 1577 1579 1580
f 1581 1583 1582
f 1581 1584 1583
f 1581 1584 1580
f 1581 1580 1577
f 1583 1582 1578
f 1583 1578 1579
f 1582 1581 1577
f 1582 1577 1578
f 1584 1583 1579
f 1584 1579 1580
f 1601 1602 1603
f 1601 1603 1604
f 1605 1607 1606
f 1605 1608 1607
f 1605 1608 1604
f 1605 1604 1601
f 1607 1606 1602
f 1607 1602 1603
f 1606 1605 1601
f 1606 1601 1602
f 1608 1607 1603
f 1608 1603 1604
f 1625 1626 1627
f 1625 1627 1628
f 1629 1631 1630
f 1629 1632 1631
f 1629 1632 1628
f 1629 1628 1625
f 1631 1630 1626
f 1631 1626 1627
f 1630 1629 1625
f 1630 1625 1626
f 1632 1631 1627
f 1632 1627 1628
f 1649 1650 1651
f 1649 1651 1652
f 1653 1655 1654
f 1653 1656 1655
f 1653 1656 1652
f 1653 1652 1649
f 1655 1654 1650
f 1655 1650 1651
f 1654 1653 1649
f 1654 1649 1650
f 1656 1655 1651
f 1656 1651 1652
f 1673 1674 1675
f 1673 1675 1676
f 1677 1679 1678
f 1677 1680 1679
f 1677 1680 1676
f 1677 1676 1673
f 1679 1678 1674
f 1679 1674 1675
f 1678 1677 1673
f 1678 1673 1674
f 1680 1679 1675
f 1680 1675 1676
f 1697 1698 1699
f 1697 1699 1700
f 1701 1703 1702
f 1701 1704 1703
f 1701 1704 1700
f 1701 1700 1697
f 1703 1702 1698
f 1703 1698 1699
f 1702 1701 1697
f 1702 1697 1698
f 1704 1703 1699
f 1704 1699 1700
f 1721 1722 1723
f 1721 1723 1724
f 1725 1727 1726
f 1725 1728 1727
f 1725 1728 1724
f 1725 1724 1721
f 1727 1726 1722
f 1727 1722 1723
f 1726 1725 1721
f 1726 1721 1722
f 1728 1727 1723
f 1728 1723 1724
f 1745 1746 1747
f 1745 1747 1748
f 1749 1751 1750
f 1749 1752 1751
f 1749 1752 1748
f 1749 1748 1745
f 1751 1750 1746
f 1751 1746 1747
f 1750 1749 1745
f 1750 1745 1746
f 1752 1751 1747
f 1752 1747 1748
f 1769 1770 1771
f 1769 1771 1772
f 1773 1775 1774
f 1773 1776 1775
f 1773 1776 1772
f 1773 1772 1769
f 1775 1774 1770
f 1775 1770 1771
f 1774 1773 1769
f 1774 1769 1770
f 1776 1775 1771
f 1776 1771 1772
f 1793 1794 1795
f 1793 1795 1796
f 1797 1799 1798
f 1797 1800 1799
f 1797 1800 1796
f 1797 1796 1793
f 1799 1798 1794
f 1799 1794 1795
f 1798 1797 1793
f 1798 1793 1794
f 1800 1799 1795
f 1800 1795 1796
f 1817 1818 1819
f 1817 1819 1820
f 1821 1823 1822
f 1821 1824 1823
f 1821 1824 1820
f 1821 1820 1817
f 1823 1822 1818
f 1823 1818 1819
f 1822 1821 1817
f 1822 1817 1818
f 1824 1823 1819
f 1824 1819 1820
f 1841 1842 1843
f 1841 1843 1844
f 1845 1847 1846
f 1845 1848 1847
f 1845 1848 1844
f 1845 1844 1841
f 1847 1846 1842
f 1847 1842 1843
f 1846 1845 1841
f 1846 1841 1842
f 1848 1847 1843
f 1848 1843 1844
f 1865 1866 1867
f 1865 1867 1868
f 1869 1871 1870
f 1869 1872 1871
f 1869 1872 1868
f 1869 1868 1865
f 1871 1870 1866
f 1871 1866 1867
f 1870 1869 1865
f 1870 1865 1866
f 1872 1871 1867
f 1872 1867 1868
f 1889 1890 1891
f 1889 1891 1892
f 1893 1895 1894
f 1893 1896 1895
f 1893 1896 1892
f 1893 1892 1889
f 1895 1894 1890
f 1895 1890 1891
f 1894 1893 1889
f 1894 1889 1890
f 1896 1895 1891
f 1896 1891 1892
f 1913 1914 1915
f 1913 1915 1916
f 1917 1919 1918
f 1917 1920 1919
f 1917 1920 1916
f 1917 1916 1913
f 1919 1918 1914
f 1919 1914 1915
f 1918 1917 1913
f 1918 1913 1914
f 1920 1919 1915
f 1920 1915 1916
f 1937 1938 1939
f 1937 1939 1940
f 1941 1943 1942
f 1941 1944 1943
f 1941 1944 1940
f 1941 1940 1937
f 1943 1942 1938
f 1943 1938 1939
f 1942 1941 1937
f 1942 1937 1938
f 1944 1943 1939
f 1944 1939 1940
f 1961 1962 1963
f 1961 1963 1964
f 1965 1967 1966
f 1965 1968 1967
f 1965 1968 1964
f 1965 1964 1961
f 1967 1966 1962
f 1967 1962 1963
f 1966 1965 1961
f 1966 1961 1962
f 1968 1967 1963
f 1968 1963 1964
f 1985 1986 1987
f 1985 1987 1988
f 1989 1991 1990
f 1989 1992 1991
f 1989 1992 1988
f 1989 1988 1985
f 1991 1990 1986
f 1991 1986 1987
f 1990 1989 1985
f 1990 1985 1986
f 1992 1991 1987
f 1992 1987 1988
f 2009 2010 2011
f 2009 2011 2012
f 2013 2015 2014
f 2013 2016 2015
f 2013 2016 2012
f 2013 2012 2009
f 2015 2014 2010
f 2015 2010 2011
f 2014 2013 2009
f 2014 2009 2010
f 2016 2015 2011
f 2016 2011 2012
f 2033 2034 2035
f 2033 2035 2036
f 2037 2039 2038
f 2037 2040 2039
f 2037 2040 2036
f 2037 2036 2033
f 2039 2038 2034
f 2039 2034 2035
f 2038 2037 2033
f 2038 2033 2034
f 2040 2039 2035
f 2040 2035 2036
f 2057 2058 2059
f 2057 2059 2060
f 2061 2063 2062
f 2061 2064 2063
f 2061 2064 2060
f 2061 2060 2057
f 2063 2062 2058
f 2063 2058 2059
f 2062 2061 2057
f 2062 2057 2058
f 2064 2063 2059
f 2064 2059 2060
f 2081 2082 2083
f 2081 2083 2084
f 2085 2087 2086
f 2085 2088 2087
f 2085 2088 2084
f 2085 2084 2081
f 2087 2086 2082
f 2087 2082 2083
f 2086 2085 2081
f 2086 2081 2082
f 2088 2087 2083
f 2088 2083 2084
f 2105 2106 2107
f 2105 2107 2108
f 2109 2111 2110
f 2109 2112 2111
f 2109 2112 2108
f 2109 2108 2105
f 2111 2110 2106
f 2111 2106 2107
f 2110 2109 2105
f 2110 2105 2106
f 2112 2111 2107
f 2112 2107 2108
f 2129 2130 2131
f 2129 2131 2132
f 2133 2135 2134
f 2133 2136 2135
f 2133 2136 2132
f 2133 2132 2129
f 2135 2134 2130
f 2135 2130 2131
f 2134 2133 2129
f 2134 2129 2130
f 2136 2135 2131
f 2136 2131 2132
f 2153 2154 2155
f 2153 2155 2156
f 2157 2159 2158
f 2157 2160 2159
f 2157 2160 2156
f 2157 2156 2153
f 2159 2158 2154
f 2159 2154 2155
f 2158 2157 2153
f 2158 2153 2154
f 2160 2159 2155
f 2160 2155 2156
f 2177 2178 2179
f 2177 2179 2180
f 2181 2183 2182
f 2181 2184 2183
f 2181 2184 2180
f 2181 2180 2177
f 2183 2182 2178
f 2183 2178 2179
f 2182 2181 2177
f 2182 2177 2178
f 2184 2183 2179
f 2184 2179 2180
f 2201 2202 2203
f 2201 2203 2204
f 2205 2207 2206
f 2205 2208 2207
f 2205 2208 2204
f 2205 2204 2201
f 2207 2206 2202
f 2207 2202 2203
f 2206 2205 2201
f 2206 2201 2202
f 2208 2207 2203
f 2208 2203 2204
f 2225 2226 2227
f 2225 2227 2228
f 2229 2231 2230
f 2229 2232 2231
f 2229 2232 2228
f 2229 2228 2225
f 2231 2230 2226
f 2231 2226 2227
f 2230 2229 2225
f 2230 2225 2226
f 2232 2231 2227
f 2232 2227 2228
f 2249 2250 2251
f 2249 2251 2252
f 2253 2255 2254
f 2253 2256 2255
f 2253 2256 2252
f 2253 2252 2249
f 2255 2254 2250
f 2255 2250 2251
f 2254 2253 2249
f 2254 2249 2250
f 2256 2255 2251
f 2256 2251 2252
f 2273 2274 2275
f 2273 2275 2276
f 2277 2279 2278
f 2277 2280 2279
f 2277 2280 2276
f 2277 2276 2273
f 2279 2278 2274
f 2279 2274 2275
f 2278 2277 2273
f 2278 2273 2274
f 2280 2279 2275
f 2280 2275 2276
f 2297 2298 2299
f 2297 2299 2300
f 2301 2303 2302
f 2301 2304 2303
f 2301 2304 2300
f 2301 2300 2297
f 2303 2302 2298
f 2303 2298 2299
f 2302 2301 2297
f 2302 2297 2298
f 2304 2303 2299
f 2304 2299 2300
f 2321 2322 2323
f 2321 2323 2324
f 2325 2327 2326
f 2325 2328 2327
f 2325 2328 2324
f 2325 2324 2321
f 2327 2326 2322
f 2327 2322 2323
f 2326 2325 2321
f 2326 2321 2322
f 2328 2327 2323
f 2328 2323 2324
f 2345 2346 2347
f 2345 2347 2348
f 2349 2351 2350
f 2349 2352 2351
f 2349 2352 2348
f 2349 2348 2345
f 2351 2350 2346
f 2351 2346 2347
f 2350 2349 2345
f 2350 2345 2346
f 2352 2351 2347
f 2352 2347 2348
